x1,y1,z1,x2,y2,z2,x3,y3,z3,x4,y4,z4,x5,y5,z5,x6,y6,z6,x7,y7,z7,x8,y8,z8,x9,y9,z9,x10,y10,z10,x11,y11,z11,x12,y12,z12,x13,y13,z13,x14,y14,z14,x15,y15,z15,x16,y16,z16,x17,y17,z17,x18,y18,z18,x19,y19,z19,x20,y20,z20,x21,y21,z21,Label
0,0,0,0.085665643,-0.081842244,-0.052561767,0.140166581,-0.228719056,-0.075842753,0.178767443,-0.358764589,-0.093989916,0.225935459,-0.440730631,-0.111784905,0.064022273,-0.414502919,-0.062297918,0.08463797,-0.582935333,-0.095056876,0.093378961,-0.691140562,-0.118771039,0.096225679,-0.784022063,-0.137957587,-0.01317504,-0.423240751,-0.06606619,-0.019069552,-0.612058342,-0.095206469,-0.025630057,-0.736329049,-0.117185503,-0.035871536,-0.844894469,-0.135168478,-0.083392769,-0.388173699,-0.07596489,-0.109666675,-0.560641855,-0.114011891,-0.119288981,-0.678233176,-0.146094799,-0.127961457,-0.775361478,-0.169312715,-0.150923058,-0.316742659,-0.089929431,-0.236082032,-0.419565976,-0.137532472,-0.297046065,-0.481858343,-0.166554555,-0.350303411,-0.546029449,-0.185274332,OpenPalm
0,0,0,0.090942919,-0.073072433,-0.046077848,0.152441919,-0.209106982,-0.066382029,0.193563879,-0.328589797,-0.082976141,0.23901099,-0.405828267,-0.099342227,0.085936487,-0.392297536,-0.053153374,0.116583645,-0.551125824,-0.08527951,0.13255161,-0.652184427,-0.109314077,0.142144978,-0.739891231,-0.128173031,0.01585862,-0.404068887,-0.058577445,0.022544026,-0.586112261,-0.086643607,0.028546065,-0.704579204,-0.108541407,0.029294699,-0.807397634,-0.12583574,-0.05086118,-0.375310063,-0.069685728,-0.06441462,-0.54020077,-0.105638564,-0.066499114,-0.649939775,-0.134939068,-0.068971455,-0.741120934,-0.15570169,-0.116529763,-0.312906444,-0.084373042,-0.184760988,-0.416401148,-0.12796072,-0.234299675,-0.481158137,-0.152801149,-0.277766585,-0.54603231,-0.168407016,OpenPalm
0,0,0,0.089283884,-0.069173455,-0.037141363,0.142785013,-0.208796978,-0.050549223,0.182977796,-0.324244916,-0.061831742,0.229933202,-0.391348124,-0.073366708,0.084806979,-0.379489452,-0.043712109,0.114771783,-0.536406279,-0.072569966,0.132411778,-0.636054516,-0.093620553,0.144997954,-0.720345497,-0.110114179,0.017215848,-0.391632885,-0.050528596,0.023724854,-0.568488061,-0.076411671,0.031856835,-0.684089094,-0.096235803,0.035247505,-0.781012416,-0.111233457,-0.046524704,-0.36501497,-0.062345619,-0.065238118,-0.520966619,-0.094597056,-0.066967487,-0.625831872,-0.121698088,-0.067295671,-0.71455586,-0.140877105,-0.107179701,-0.307068586,-0.077248379,-0.173070014,-0.402537644,-0.116748988,-0.219726205,-0.467226148,-0.140222243,-0.259437323,-0.533712298,-0.155060358,OpenPalm
0,0,0,0.077138454,-0.078045607,-0.034480506,0.120200187,-0.213534355,-0.043496703,0.135340244,-0.325976849,-0.051396561,0.120239407,-0.409996361,-0.058950775,0.070685148,-0.367038786,-0.015662584,0.067609429,-0.505995631,-0.043055003,0.059274167,-0.587298423,-0.068477762,0.047983319,-0.660791218,-0.08713681,0.02196297,-0.372952372,-0.020663624,0.013293922,-0.535051525,-0.045416095,0.006013006,-0.638622284,-0.068704349,-0.00342533,-0.726338744,-0.085665991,-0.024239302,-0.350290209,-0.032128626,-0.031984031,-0.50705117,-0.057643113,-0.035748631,-0.604110807,-0.074711052,-0.041140884,-0.688667566,-0.085986552,-0.07059437,-0.304574251,-0.047816855,-0.078966409,-0.421797037,-0.073562932,-0.082133114,-0.502291858,-0.084811424,-0.085382521,-0.578734845,-0.091457811,OpenPalm
0,0,0,0.075101376,-0.077978671,-0.032559432,0.116577923,-0.212563932,-0.04137053,0.131914616,-0.323527157,-0.049432151,0.120002449,-0.408076137,-0.05715172,0.07049191,-0.365008354,-0.014250353,0.067784876,-0.503522515,-0.041172058,0.060740083,-0.584210515,-0.065955486,0.050941586,-0.657292843,-0.084227186,0.023294747,-0.370931029,-0.020098893,0.016010791,-0.532356888,-0.044451393,0.009740144,-0.634666115,-0.067022007,0.001002789,-0.722083151,-0.083665412,-0.022031933,-0.348958164,-0.032294382,-0.027599782,-0.505375504,-0.057360623,-0.030585617,-0.601645172,-0.073877905,-0.035412461,-0.686304122,-0.085017216,-0.068105072,-0.304178894,-0.048576534,-0.075534046,-0.419962883,-0.074031841,-0.078210324,-0.499923587,-0.085133944,-0.081341445,-0.576278538,-0.091900226,OpenPalm
0,0,0,0.077064455,-0.076241136,-0.032745019,0.118437111,-0.210420549,-0.041422967,0.131978273,-0.321356386,-0.04923828,0.117242157,-0.403726101,-0.056718253,0.069828689,-0.362719297,-0.014585682,0.066865772,-0.501000375,-0.04102879,0.059961587,-0.582146496,-0.065396965,0.05048421,-0.655588299,-0.083418921,0.021817923,-0.369134426,-0.020129508,0.014714539,-0.530081838,-0.044074472,0.009410352,-0.632757962,-0.066471741,0.002083451,-0.719948173,-0.082889341,-0.023980081,-0.347524256,-0.031927582,-0.029891729,-0.503525347,-0.056755431,-0.032261491,-0.600222915,-0.073492781,-0.035764933,-0.684998095,-0.084679291,-0.070144862,-0.302758217,-0.047775559,-0.078202665,-0.418803275,-0.073289007,-0.081248999,-0.498958647,-0.084607765,-0.084186375,-0.575109035,-0.091408819,OpenPalm
0,0,0,0.077790141,-0.077820539,-0.03102226,0.118992329,-0.215251207,-0.037858177,0.131609321,-0.326592147,-0.044066645,0.116648197,-0.407148778,-0.049944375,0.069824517,-0.364064872,-0.011432033,0.067682713,-0.500068635,-0.036891505,0.060415864,-0.580293506,-0.060939733,0.050158501,-0.652963698,-0.079053305,0.022257805,-0.370542109,-0.017535476,0.016042829,-0.528904378,-0.040972933,0.010354072,-0.630677521,-0.063320369,0.00216192,-0.718062252,-0.079833604,-0.022960752,-0.348749638,-0.029876614,-0.028457314,-0.503316939,-0.05464292,-0.030792058,-0.59857434,-0.071487188,-0.034868956,-0.682776809,-0.082822099,-0.068678617,-0.30356878,-0.046160039,-0.076693237,-0.418213785,-0.071768515,-0.078948498,-0.497447938,-0.083241738,-0.080946028,-0.573299736,-0.090278953,OpenPalm
0,0,0,0.076868773,-0.07723403,-0.031927118,0.117738843,-0.214151502,-0.039518626,0.130715013,-0.325644791,-0.04637791,0.116470635,-0.407391906,-0.052904231,0.06915915,-0.363404602,-0.013119811,0.066604614,-0.501309723,-0.039291871,0.05939275,-0.582317352,-0.063518574,0.049377233,-0.654948115,-0.081451429,0.021454871,-0.369885892,-0.018934546,0.014308542,-0.530365825,-0.042776381,0.008536369,-0.633148879,-0.065173758,0.000666082,-0.720159352,-0.081542967,-0.023999155,-0.348270506,-0.031026065,-0.030077428,-0.504466951,-0.055946769,-0.032434672,-0.600955158,-0.072837552,-0.036178976,-0.6854482,-0.08410312,-0.069949061,-0.303520858,-0.047092451,-0.07833451,-0.419310153,-0.072795709,-0.081198931,-0.499095619,-0.084250634,-0.083813816,-0.57505095,-0.091134829,OpenPalm
0,0,0,0.076352447,-0.075907588,-0.031809295,0.116415054,-0.211046934,-0.039963568,0.130347043,-0.321311861,-0.047330143,0.115504235,-0.403036356,-0.054490099,0.069054008,-0.363127172,-0.015531854,0.067262232,-0.501515418,-0.041989813,0.06091857,-0.582867026,-0.066290809,0.051265925,-0.656181276,-0.084261177,0.021019608,-0.369426996,-0.021468193,0.014662564,-0.530445725,-0.045291366,0.009633571,-0.632560939,-0.067317246,0.002027184,-0.71826151,-0.083463339,-0.025050014,-0.347210974,-0.033441184,-0.030527949,-0.504184842,-0.058223172,-0.032776386,-0.600267231,-0.07466512,-0.036554992,-0.684025198,-0.085696517,-0.071412146,-0.301435173,-0.049321724,-0.079505652,-0.417170584,-0.074943928,-0.082087755,-0.497122288,-0.086106552,-0.0843274,-0.572857529,-0.092806301,OpenPalm
0,0,0,0.077714175,-0.077643752,-0.030476427,0.118684739,-0.21510762,-0.037032038,0.130990416,-0.325682789,-0.043062624,0.116753846,-0.406993866,-0.048927624,0.070486367,-0.361804605,-0.012404785,0.067751616,-0.499222279,-0.038055178,0.060346365,-0.580169171,-0.061785642,0.049912155,-0.65274027,-0.079508167,0.022465676,-0.367713809,-0.018787552,0.01553008,-0.527538717,-0.04252566,0.009379029,-0.629912883,-0.064741615,0.000722677,-0.716571838,-0.081035528,-0.023340136,-0.345925063,-0.031280775,-0.02910307,-0.501977563,-0.056167498,-0.031367451,-0.598227501,-0.073104974,-0.035385132,-0.682508618,-0.084487263,-0.069880366,-0.301166952,-0.047621533,-0.078283548,-0.416697353,-0.073410962,-0.081166238,-0.496385515,-0.085094165,-0.08382386,-0.57245934,-0.092252839,OpenPalm
0,0,0,0.07785964,-0.077822328,-0.031410339,0.11850971,-0.216477811,-0.038199472,0.131077707,-0.328153998,-0.044277634,0.116411209,-0.409371465,-0.050153869,0.068843812,-0.36464572,-0.013018035,0.066084832,-0.502271593,-0.039018202,0.058405042,-0.583569437,-0.063218801,0.047608972,-0.656784385,-0.081377289,0.020484746,-0.370987713,-0.019002113,0.013463199,-0.530655533,-0.042901027,0.007391393,-0.632941782,-0.065400898,-0.001053661,-0.719922602,-0.081974356,-0.025324285,-0.348867327,-0.03118151,-0.031603098,-0.504897773,-0.056309934,-0.03417486,-0.6011917,-0.073475129,-0.038428962,-0.685961753,-0.085070423,-0.071207166,-0.303290009,-0.047304965,-0.079839379,-0.41879347,-0.073283664,-0.082690179,-0.498489022,-0.085089437,-0.085243255,-0.574729502,-0.092398874,OpenPalm
0,0,0,0.07705909,-0.076579452,-0.032731126,0.117502213,-0.213113248,-0.040744519,0.129881263,-0.323940516,-0.047687108,0.114515007,-0.405611634,-0.05429929,0.068724245,-0.365253121,-0.015547792,0.065560788,-0.503367722,-0.04157305,0.058562547,-0.584779799,-0.065499025,0.04878667,-0.658495575,-0.083367529,0.020376772,-0.371711195,-0.020963953,0.013159961,-0.531831205,-0.04459289,0.007808983,-0.634046257,-0.066537956,0.000606,-0.72042641,-0.082655619,-0.025580168,-0.349290848,-0.032532616,-0.031851321,-0.505990237,-0.057304314,-0.034630388,-0.602556288,-0.074100974,-0.038386554,-0.687371999,-0.08539437,-0.071472526,-0.302828431,-0.048111624,-0.080483884,-0.419005513,-0.073827984,-0.083768249,-0.499229223,-0.085421513,-0.086303413,-0.575785249,-0.092483136,OpenPalm
0,0,0,0.076964587,-0.077395082,-0.031416312,0.117052943,-0.213870525,-0.039371446,0.128847033,-0.324092805,-0.046656617,0.113545507,-0.403852075,-0.053841085,0.068122715,-0.361887813,-0.015701212,0.064629167,-0.499646753,-0.042705052,0.057404786,-0.581004262,-0.067211286,0.047571331,-0.654943347,-0.085578934,0.020118028,-0.368101597,-0.022053356,0.01325044,-0.528027475,-0.046792806,0.007557005,-0.629771203,-0.069222823,-0.000411838,-0.716495454,-0.085792654,-0.025112808,-0.345923662,-0.034460627,-0.030845106,-0.502767533,-0.060059652,-0.033451915,-0.59976691,-0.077348769,-0.037568361,-0.685238838,-0.089131013,-0.070487529,-0.300217509,-0.050797891,-0.08009243,-0.415318668,-0.077229411,-0.083729953,-0.495110512,-0.089414105,-0.087134302,-0.571443141,-0.097055652,OpenPalm
0,0,0,0.076889038,-0.076538384,-0.030986126,0.116974324,-0.211424947,-0.038409121,0.128918678,-0.320519358,-0.045066341,0.114967078,-0.401951969,-0.051535036,0.068321824,-0.361956954,-0.015118419,0.064888686,-0.499987781,-0.041313957,0.057851791,-0.581606507,-0.064997978,0.048063457,-0.653646886,-0.082356892,0.020149797,-0.368251055,-0.021125404,0.013277382,-0.528824449,-0.044975187,0.008143127,-0.631155938,-0.066820546,0.000955164,-0.715881556,-0.082586839,-0.02553308,-0.346273065,-0.033091954,-0.032376051,-0.502149642,-0.057927422,-0.035229355,-0.598558545,-0.074779599,-0.038841397,-0.68195188,-0.085959203,-0.071472526,-0.30037576,-0.048854712,-0.08049199,-0.415935874,-0.074439264,-0.083852232,-0.495451033,-0.085945226,-0.086413711,-0.570978492,-0.092842779,OpenPalm
0,0,0,0.075794041,-0.075952768,-0.031105052,0.114304602,-0.211518109,-0.038434644,0.127210617,-0.320535958,-0.045101152,0.110858083,-0.399198562,-0.051566404,0.066660583,-0.359912217,-0.014668602,0.063271254,-0.49625963,-0.040836611,0.055718213,-0.577241361,-0.064827287,0.045347184,-0.650042802,-0.082855434,0.018719882,-0.36610651,-0.020638035,0.011158854,-0.522906691,-0.044602328,0.004945755,-0.623179227,-0.066658393,-0.003402203,-0.708053023,-0.082960107,-0.026685536,-0.344100803,-0.032662445,-0.033023506,-0.497922421,-0.057509207,-0.035829484,-0.592859924,-0.074445822,-0.040037096,-0.676220059,-0.08602515,-0.071988791,-0.298600852,-0.04863136,-0.080978751,-0.411459625,-0.07443943,-0.085079491,-0.490095198,-0.086488233,-0.088898748,-0.56527704,-0.094046474,OpenPalm
0,0,0,0.076438695,-0.075528741,-0.031185923,0.114675552,-0.209365606,-0.038442444,0.126971573,-0.317314625,-0.044906139,0.111666292,-0.39631936,-0.051239934,0.066673845,-0.356813759,-0.015196621,0.064509183,-0.49319759,-0.04106136,0.057688683,-0.573684961,-0.064804464,0.047478467,-0.645213693,-0.082335584,0.018419623,-0.36347571,-0.020801551,0.012242258,-0.521274149,-0.044282779,0.006845564,-0.622231364,-0.066170551,-0.000882506,-0.7060197,-0.082077458,-0.027369678,-0.341647595,-0.032344304,-0.033434242,-0.495695949,-0.056795511,-0.035661519,-0.590887278,-0.073812097,-0.039063662,-0.673453778,-0.085222721,-0.073215306,-0.296104312,-0.047691445,-0.082048923,-0.409792513,-0.073071323,-0.085604846,-0.488245606,-0.084682293,-0.088405192,-0.562710583,-0.091733418,OpenPalm
0,0,0,0.07731542,-0.076936901,-0.031010962,0.117137998,-0.212060332,-0.038191338,0.128196746,-0.321042925,-0.044749801,0.111809582,-0.400841773,-0.051129659,0.068055302,-0.360259712,-0.013744955,0.064692497,-0.496695817,-0.039822155,0.057040334,-0.577949315,-0.063850087,0.046236753,-0.650573939,-0.081716311,0.020432413,-0.365561992,-0.019832545,0.013440132,-0.523678839,-0.043857505,0.006685138,-0.625596166,-0.066339475,-0.002718031,-0.711490393,-0.08274537,-0.024724931,-0.342941493,-0.031940189,-0.031388402,-0.496768266,-0.056709912,-0.034783155,-0.591981351,-0.073494491,-0.03972882,-0.674818873,-0.084673007,-0.070243686,-0.297306001,-0.047972669,-0.07858631,-0.412197709,-0.073252191,-0.081023961,-0.491023719,-0.084588018,-0.082936347,-0.565695196,-0.091423896,OpenPalm
0,0,0,0.074357688,-0.07542032,-0.032196506,0.112365723,-0.208381236,-0.041199474,0.126622617,-0.3171134,-0.049385371,0.11161989,-0.398149341,-0.057626593,0.064916044,-0.359755009,-0.018053609,0.061706543,-0.49693203,-0.045690349,0.055294335,-0.57808578,-0.070703103,0.045854807,-0.651676953,-0.089127964,0.017158538,-0.365805656,-0.024120788,0.01024574,-0.525426209,-0.049036636,0.004458368,-0.627154619,-0.071841738,-0.003668427,-0.713369489,-0.08853796,-0.028312474,-0.343122512,-0.03609725,-0.034749806,-0.497200668,-0.061430077,-0.037178874,-0.593141228,-0.078408076,-0.040993094,-0.677637666,-0.089907436,-0.073786765,-0.296807468,-0.051993689,-0.08159101,-0.411794156,-0.077483131,-0.083778262,-0.490486026,-0.088636218,-0.085736543,-0.56537205,-0.095490171,OpenPalm
0,0,0,0.075925112,-0.076182425,-0.031918188,0.114271224,-0.210147083,-0.04001834,0.126938522,-0.319211453,-0.047325292,0.111698747,-0.3997114,-0.054528566,0.065574825,-0.360541284,-0.015868457,0.062588722,-0.497194529,-0.042541524,0.055326134,-0.578210682,-0.066874345,0.04502213,-0.651105553,-0.085007613,0.017413765,-0.366664827,-0.021716307,0.010034621,-0.525689214,-0.046309085,0.003411829,-0.627086401,-0.068933276,-0.005346268,-0.712844402,-0.085446087,-0.028119266,-0.344222635,-0.03356388,-0.034802228,-0.498653173,-0.058972867,-0.037593424,-0.593491077,-0.075985712,-0.041695833,-0.676853538,-0.087413093,-0.073468745,-0.29792732,-0.049326306,-0.081211001,-0.411429763,-0.075165255,-0.083240449,-0.4895522,-0.0867106,-0.084781736,-0.564213663,-0.093776328,OpenPalm
0,0,0,0.076008707,-0.07672888,-0.031892724,0.116032749,-0.210278451,-0.040262055,0.128663868,-0.319640607,-0.047846328,0.111865908,-0.399468303,-0.055310007,0.066777408,-0.359700918,-0.015579533,0.063747019,-0.495973736,-0.042328451,0.05676192,-0.57654503,-0.066849634,0.047370732,-0.649343103,-0.085013941,0.018280119,-0.365791529,-0.021527709,0.010287225,-0.524425924,-0.046074241,0.00374946,-0.626173198,-0.068764865,-0.004465759,-0.712477803,-0.085269123,-0.02731666,-0.343689799,-0.033454899,-0.03453517,-0.498164922,-0.058789521,-0.037879109,-0.593869597,-0.075598016,-0.04199484,-0.677813709,-0.086782358,-0.072518498,-0.29785645,-0.049309473,-0.080933362,-0.411852032,-0.074902765,-0.083584309,-0.490577638,-0.086062357,-0.085530818,-0.565573663,-0.092780374,OpenPalm
0,0,0,0.074947625,-0.089031041,-0.031946158,0.111316442,-0.235333025,-0.038746184,0.124392271,-0.357004821,-0.04376881,0.096299022,-0.431612194,-0.048919292,0.040663451,-0.375730515,-0.020893797,0.024660796,-0.518442154,-0.046269788,0.007385612,-0.604379863,-0.069908297,-0.012207866,-0.680903643,-0.088011591,-0.012272388,-0.376323223,-0.025774654,-0.033649385,-0.539845884,-0.048868047,-0.050050825,-0.643721461,-0.071207395,-0.067549318,-0.730449766,-0.087989709,-0.059740722,-0.347431123,-0.035818717,-0.080625951,-0.503902525,-0.058949022,-0.091342926,-0.601072997,-0.076278938,-0.103723019,-0.684655309,-0.088649599,-0.10579662,-0.293664992,-0.049750759,-0.122761711,-0.413636744,-0.073285883,-0.133098543,-0.491922796,-0.08469302,-0.143435642,-0.564065605,-0.092022484,OpenPalm
0,0,0,0.071255147,-0.087542892,-0.034174293,0.107533783,-0.22760123,-0.043759208,0.122317314,-0.345888436,-0.052278053,0.09150207,-0.422059119,-0.060939092,0.042182565,-0.376594394,-0.017154967,0.023876756,-0.51502651,-0.044218995,0.007194728,-0.596509159,-0.070191014,-0.010589421,-0.670501947,-0.089335006,-0.01034537,-0.375570714,-0.021762565,-0.034065723,-0.536892235,-0.045749847,-0.049877048,-0.640605479,-0.070151087,-0.065711796,-0.729078919,-0.088439304,-0.056898475,-0.347244412,-0.032202568,-0.075811505,-0.499975979,-0.055670284,-0.085991353,-0.598333031,-0.073174003,-0.09640801,-0.684081703,-0.085477028,-0.101276189,-0.297418237,-0.046942327,-0.11926049,-0.413274378,-0.070178013,-0.129005805,-0.492581159,-0.080453712,-0.137699142,-0.566604003,-0.086841095,OpenPalm
0,0,0,0.081240833,-0.053797126,-0.021349567,0.12528193,-0.185075521,-0.021637783,0.138950348,-0.284892023,-0.022748773,0.130941451,-0.359201729,-0.023262919,0.097309172,-0.330711782,0.000687353,0.112745881,-0.455013633,-0.018786885,0.119315743,-0.529400483,-0.037788716,0.121035457,-0.596116096,-0.052510188,0.061615884,-0.345962584,-0.006950096,0.076827049,-0.492707372,-0.02533874,0.086711943,-0.588540941,-0.043368638,0.090138972,-0.67173329,-0.056695887,0.024581552,-0.33373186,-0.020400158,0.035671175,-0.475674331,-0.04163823,0.044882655,-0.564543277,-0.057062563,0.048564494,-0.642870486,-0.067344916,-0.015766859,-0.30134809,-0.036986452,-0.008364439,-0.409445167,-0.059403461,-0.001299083,-0.484145224,-0.070453857,0.003877759,-0.555547178,-0.077807177,OpenPalm
0,0,0,0.087552667,-0.05316484,-0.032407203,0.14459759,-0.194995284,-0.037354761,0.172144532,-0.307831556,-0.041218773,0.159636974,-0.392360777,-0.044495721,0.108387887,-0.344979405,-0.01615711,0.13713783,-0.48435849,-0.040700205,0.147125006,-0.56948635,-0.062185404,0.150586307,-0.645699114,-0.07841903,0.066450953,-0.36417374,-0.020846869,0.092035234,-0.524254113,-0.042502829,0.105495095,-0.630897582,-0.06267649,0.111956894,-0.72156021,-0.078153529,0.021429896,-0.352518916,-0.031939764,0.044968069,-0.503908485,-0.055816938,0.060197473,-0.599411666,-0.07586103,0.069330096,-0.68270883,-0.090554782,-0.026681006,-0.318519026,-0.046964583,-0.025389791,-0.424688339,-0.074109473,-0.027219653,-0.503771484,-0.090387733,-0.030070782,-0.580321848,-0.101848782,OpenPalm
0,0,0,0.086448431,-0.0589571,-0.027069313,0.141358554,-0.204668045,-0.031703085,0.166058421,-0.319594264,-0.036576416,0.154659331,-0.408872485,-0.041713018,0.105073929,-0.358933389,-0.012084368,0.129553676,-0.496211946,-0.036417119,0.136911035,-0.577045649,-0.058622148,0.139545083,-0.651030988,-0.076079085,0.063848019,-0.372956336,-0.020627944,0.085615456,-0.531278133,-0.042843468,0.096780419,-0.633243322,-0.06487266,0.101625919,-0.723503292,-0.082322337,0.019082129,-0.356639147,-0.035085086,0.03786242,-0.51383853,-0.059568528,0.049788296,-0.609576404,-0.079462282,0.055945337,-0.694801718,-0.094442904,-0.029384255,-0.316954136,-0.052917775,-0.027280629,-0.434424341,-0.080961175,-0.025156617,-0.518969089,-0.097488083,-0.024363101,-0.600722462,-0.10942512,OpenPalm
0,0,0,0.070673347,-0.070959032,-0.030057643,0.102806449,-0.209195554,-0.034291113,0.111214459,-0.315111578,-0.037741089,0.097019374,-0.385550499,-0.040792333,0.05363512,-0.349571705,-0.008138061,0.048196107,-0.471085399,-0.029997287,0.039911449,-0.543275744,-0.052182036,0.029213369,-0.609649152,-0.069787169,0.007529348,-0.354272425,-0.012970724,-0.003012031,-0.496935427,-0.033255519,-0.009549856,-0.588463396,-0.053987062,-0.017014056,-0.668202907,-0.069817515,-0.034655631,-0.331135631,-0.024024898,-0.043103456,-0.472632736,-0.046731142,-0.046888083,-0.55986166,-0.063516142,-0.051951796,-0.637811154,-0.075402992,-0.075334191,-0.28615284,-0.038965171,-0.084273875,-0.389896989,-0.063216874,-0.088144869,-0.461956978,-0.07522385,-0.091228157,-0.533124179,-0.083320351,OpenPalm
0,0,0,0.064235538,-0.073976338,-0.031588149,0.096064955,-0.205976784,-0.037723169,0.110923469,-0.317481101,-0.042515584,0.085420698,-0.388682842,-0.046866611,0.038090408,-0.339145124,-0.011114517,0.029501796,-0.460247993,-0.032632109,0.018224567,-0.530607969,-0.054479212,0.004312426,-0.594779074,-0.071177934,-0.007179767,-0.341836691,-0.013790663,-0.024277329,-0.480705649,-0.032685619,-0.035180897,-0.568987966,-0.052731611,-0.046219409,-0.644635886,-0.068279978,-0.048406392,-0.319341004,-0.022386784,-0.06259653,-0.454167604,-0.042550869,-0.069191396,-0.538984179,-0.058300801,-0.076622814,-0.612310052,-0.069696348,-0.088255897,-0.276741385,-0.034992073,-0.100089818,-0.378964365,-0.055644267,-0.107144773,-0.449245989,-0.065860283,-0.113619834,-0.515740067,-0.07287452,OpenPalm
0,0,0,0.066789582,-0.057875693,-0.021305108,0.114992961,-0.177853525,-0.020867092,0.14478533,-0.270794094,-0.020629812,0.130954906,-0.322964191,-0.019996468,0.08092396,-0.307724237,0.004373282,0.084892049,-0.41607815,-0.009261553,0.079955742,-0.479344726,-0.027031114,0.073270187,-0.536590457,-0.041555492,0.038624495,-0.318382144,-0.000188495,0.037048012,-0.441735029,-0.012034713,0.035232693,-0.520676225,-0.02931493,0.031730026,-0.589204133,-0.043460818,-0.002206311,-0.305497944,-0.0099628,-0.000317022,-0.423155963,-0.023816187,0.002144232,-0.497164011,-0.038162341,0.001447156,-0.562547177,-0.049405103,-0.044659749,-0.274485826,-0.023076756,-0.044392973,-0.365848303,-0.037759436,-0.044360861,-0.427863419,-0.046097653,-0.044269264,-0.488383889,-0.052733781,OpenPalm
0,0,0,0.058262154,-0.050483227,-0.022378595,0.101735473,-0.135397971,-0.030275881,0.127989203,-0.213925302,-0.038147699,0.121421129,-0.275934935,-0.045603647,0.080164194,-0.267426968,-0.007316935,0.085215569,-0.370206058,-0.02675547,0.083642542,-0.431236029,-0.045887023,0.080479652,-0.48491019,-0.059538755,0.041129813,-0.276818871,-0.012178058,0.047345251,-0.389866412,-0.0283562,0.048997775,-0.462806106,-0.045568667,0.049123719,-0.524866998,-0.058243721,0.00195609,-0.265906572,-0.021460231,0.007383555,-0.373291671,-0.037458874,0.01203084,-0.440040469,-0.049449905,0.015786305,-0.49777174,-0.057728588,-0.039421871,-0.236924887,-0.033725086,-0.036991134,-0.321399689,-0.049552436,-0.033717453,-0.377645373,-0.056075181,-0.029836461,-0.42986393,-0.059709329,OpenPalm
0,0,0,0.068437815,-0.038102269,-0.031400122,0.129436791,-0.114963591,-0.042251684,0.164160013,-0.19265604,-0.051776104,0.167606652,-0.264253378,-0.060399004,0.121344656,-0.259552181,-0.01255679,0.141082466,-0.369401753,-0.034305249,0.14624247,-0.436782718,-0.05501397,0.148628235,-0.495385826,-0.069255106,0.08332175,-0.276911855,-0.013982893,0.103414118,-0.397671998,-0.032207419,0.112284601,-0.475579411,-0.051080551,0.118647337,-0.538784474,-0.064560756,0.042833984,-0.274740696,-0.020846466,0.062804848,-0.389688104,-0.038503863,0.074117303,-0.461148441,-0.051195115,0.083404303,-0.519036859,-0.059514899,-0.002388656,-0.25664866,-0.031565722,0.010144562,-0.347712874,-0.047984038,0.01933831,-0.40857923,-0.054289759,0.027561635,-0.462827206,-0.057437621,OpenPalm
0,0,0,0.062940285,-0.04342556,-0.02609277,0.112876415,-0.123010516,-0.033213732,0.137484163,-0.199070632,-0.039001942,0.125734031,-0.254954278,-0.044828229,0.079833329,-0.247641385,-0.013316462,0.083001822,-0.348643839,-0.031762157,0.078659326,-0.410242319,-0.04965593,0.073069319,-0.46455574,-0.062586975,0.040834308,-0.25852257,-0.014738519,0.04247272,-0.371170282,-0.030755953,0.041088104,-0.444361269,-0.048377593,0.0387436,-0.50541237,-0.061484461,0.002466872,-0.248844504,-0.020187572,0.002665296,-0.354064286,-0.036044416,0.005333543,-0.420165718,-0.049145848,0.006830066,-0.475789577,-0.058218379,-0.037590161,-0.222992778,-0.028756388,-0.039115086,-0.30761826,-0.044377443,-0.038699687,-0.362776637,-0.051828087,-0.038293839,-0.414026707,-0.056335822,OpenPalm
0,0,0,0.076183379,-0.019635558,-0.025711557,0.147915065,-0.078930795,-0.032831121,0.195723057,-0.14195925,-0.039323781,0.204613388,-0.207469314,-0.045137927,0.155984759,-0.211719304,-0.007718641,0.1886639,-0.316705018,-0.027373996,0.202709675,-0.380983889,-0.046145637,0.213197231,-0.437056065,-0.058913492,0.121562302,-0.239434004,-0.010412825,0.155145168,-0.355923146,-0.027181838,0.174655318,-0.42957601,-0.044277862,0.189114571,-0.49025321,-0.056243591,0.082831502,-0.249499559,-0.017985609,0.114758313,-0.359212011,-0.034257774,0.135499418,-0.427190065,-0.04545236,0.151501894,-0.483013093,-0.052529585,0.038476944,-0.246685505,-0.028963387,0.062066525,-0.333511114,-0.043651927,0.079625994,-0.389866829,-0.048909687,0.095433891,-0.440758362,-0.051399596,OpenPalm
0,0,0,0.070416033,-0.047878861,-0.022908743,0.120661557,-0.142283469,-0.030123009,0.151061833,-0.224272639,-0.037807628,0.148295999,-0.295793533,-0.04534164,0.101143301,-0.281400502,-0.01225168,0.109980464,-0.401793465,-0.035316448,0.112372339,-0.474146396,-0.055419005,0.112805009,-0.535577118,-0.069290682,0.060774267,-0.29578954,-0.018791565,0.068379641,-0.430239767,-0.039527181,0.074324906,-0.514472932,-0.058516922,0.077463567,-0.582431883,-0.071810841,0.020266891,-0.288462043,-0.029869375,0.026637316,-0.415843919,-0.049869514,0.032843351,-0.497990757,-0.064303814,0.036871552,-0.567092299,-0.073869801,-0.021561682,-0.263682544,-0.043921138,-0.017447978,-0.36259988,-0.063228718,-0.013887078,-0.430205569,-0.07231555,-0.010392696,-0.492147014,-0.0776451,OpenPalm
0,0,0,0.074317276,-0.002583683,-0.026931049,0.150939405,-0.051442504,-0.0349062,0.200935006,-0.110622287,-0.042431443,0.218380928,-0.179806024,-0.049664277,0.175408304,-0.188319832,-0.011329875,0.224080503,-0.284682989,-0.033838149,0.247958183,-0.346033275,-0.054276544,0.267185807,-0.40116936,-0.068626791,0.146899641,-0.22564894,-0.015644505,0.199792981,-0.336026669,-0.035724203,0.231453776,-0.40949136,-0.05542352,0.256151199,-0.471923918,-0.069414451,0.110366881,-0.243464828,-0.025037391,0.159708321,-0.350011051,-0.045034583,0.190964222,-0.416778445,-0.059660304,0.216124058,-0.474295169,-0.0693008,0.064664721,-0.246537834,-0.037772901,0.100416541,-0.32887876,-0.056991029,0.125601292,-0.384741634,-0.065890356,0.149541199,-0.437672302,-0.071159891,OpenPalm
0,0,0,0.074345499,-0.005153656,-0.026955826,0.147525996,-0.053173542,-0.037067044,0.193457514,-0.11259836,-0.046550009,0.212422699,-0.179691702,-0.055818971,0.171431571,-0.189674914,-0.016293993,0.216275126,-0.290046453,-0.040781084,0.237206906,-0.352799892,-0.061938219,0.252738029,-0.407497406,-0.076040897,0.140755683,-0.224784613,-0.020878238,0.19101277,-0.339046121,-0.041968357,0.221169323,-0.413125873,-0.061705019,0.243884653,-0.473970175,-0.075456764,0.102920264,-0.241125017,-0.030241344,0.149176031,-0.351201952,-0.050631724,0.17917946,-0.420134231,-0.065425966,0.202839762,-0.477950931,-0.074968431,0.056166619,-0.243171811,-0.042739484,0.089663297,-0.329733908,-0.062269091,0.112773269,-0.388077855,-0.071216505,0.133743137,-0.44239451,-0.076178174,OpenPalm
0,0,0,0.074013114,-0.007773399,-0.026345325,0.145848155,-0.057772636,-0.036247521,0.19166398,-0.11825639,-0.045617457,0.211210668,-0.185317725,-0.054539546,0.169289231,-0.194089085,-0.014935601,0.213872612,-0.295430064,-0.038452506,0.236331701,-0.359421492,-0.058811124,0.25333029,-0.415291995,-0.072562746,0.13923794,-0.228980839,-0.019453199,0.188709438,-0.343256593,-0.040133915,0.218944192,-0.417957813,-0.0589712,0.241495073,-0.479384989,-0.07181961,0.101998389,-0.245474279,-0.028681276,0.147844374,-0.355502784,-0.048328734,0.177380741,-0.423650861,-0.061880692,0.200920641,-0.480823606,-0.070465497,0.05647254,-0.247217149,-0.041075561,0.088585794,-0.333138764,-0.059941373,0.110528946,-0.390340149,-0.06785687,0.13052845,-0.442606673,-0.071860626,OpenPalm
0,0,0,0.072087288,-0.00564909,-0.028016894,0.145454347,-0.053617001,-0.038646749,0.191417754,-0.114292264,-0.048353578,0.210542142,-0.180323452,-0.057612877,0.168945074,-0.192046613,-0.017065198,0.213532805,-0.291903794,-0.040956571,0.235668898,-0.355508298,-0.061596754,0.25295192,-0.411266446,-0.075682312,0.138661623,-0.227255017,-0.020881403,0.187977552,-0.340419292,-0.041871502,0.218094945,-0.4149625,-0.061002366,0.241070986,-0.47646904,-0.074210554,0.101574481,-0.243257433,-0.029450082,0.147384465,-0.352519959,-0.04954614,0.176982105,-0.420895442,-0.063754483,0.200651348,-0.478682429,-0.072891823,0.056507945,-0.244086564,-0.041326515,0.088346362,-0.329093546,-0.060834292,0.109945416,-0.386737108,-0.069603509,0.129526973,-0.440335587,-0.074296176,OpenPalm
0,0,0,0.072615266,-0.004317045,-0.026617611,0.145173609,-0.053397715,-0.03653433,0.19093132,-0.113434613,-0.045727367,0.207676291,-0.180262327,-0.054734239,0.168823481,-0.189724445,-0.017641468,0.212965071,-0.28888604,-0.041381939,0.234683514,-0.351461142,-0.061632207,0.251749992,-0.406052798,-0.075531678,0.138239384,-0.225179195,-0.022248717,0.187412977,-0.339341372,-0.04320438,0.217650115,-0.413025171,-0.061942527,0.2409482,-0.47340107,-0.074943008,0.100503564,-0.24094677,-0.031403745,0.146434546,-0.35167408,-0.051793436,0.176121235,-0.420007527,-0.066061536,0.20052129,-0.477862388,-0.075323785,0.05480659,-0.241412997,-0.043665646,0.086026907,-0.327015102,-0.063883403,0.107644856,-0.384850055,-0.073188769,0.127790332,-0.438839033,-0.078373859,OpenPalm
0,0,0,0.073012114,-0.005873024,-0.025274032,0.145628929,-0.056721747,-0.034285699,0.192045391,-0.116270065,-0.042864402,0.208741903,-0.18251732,-0.051191957,0.16781795,-0.191454291,-0.01553719,0.212983191,-0.290868193,-0.038963043,0.235919654,-0.353425264,-0.058986218,0.253719568,-0.408042014,-0.072661632,0.138283551,-0.226815224,-0.020676263,0.188786745,-0.340628475,-0.041404248,0.220053315,-0.414742589,-0.059865855,0.243722677,-0.475774288,-0.072525018,0.101345479,-0.242967457,-0.030349499,0.147836864,-0.35342285,-0.05037848,0.177556813,-0.421194136,-0.064059288,0.201693237,-0.478411078,-0.072792717,0.05645895,-0.244048327,-0.0430898,0.087813079,-0.329733104,-0.062779301,0.109670579,-0.387574375,-0.071490996,0.130200028,-0.441155866,-0.076196291,OpenPalm
0,0,0,0.072276354,-0.005274653,-0.025615246,0.143564165,-0.054633558,-0.035322119,0.190895617,-0.112760723,-0.044699263,0.208023369,-0.179270804,-0.05406366,0.166290879,-0.188941836,-0.017432832,0.211973667,-0.288544446,-0.04165509,0.234630764,-0.351975918,-0.062190257,0.251998544,-0.407709166,-0.07624282,0.137281537,-0.223590255,-0.022774134,0.187974453,-0.337198973,-0.044266664,0.218651533,-0.412092626,-0.063579858,0.241792083,-0.474681556,-0.077025973,0.100709319,-0.239488453,-0.032540258,0.146948934,-0.349373132,-0.053017404,0.176469743,-0.417340368,-0.067305409,0.200395703,-0.475493282,-0.07663671,0.055931687,-0.240998656,-0.045365461,0.088270426,-0.325855196,-0.06536387,0.110662997,-0.383147627,-0.074504808,0.131356001,-0.436518684,-0.07965377,OpenPalm
0,0,0,0.0718216,-0.004036129,-0.027724157,0.143917352,-0.051999748,-0.038463455,0.189821631,-0.111797929,-0.048346528,0.206978351,-0.178985715,-0.05806122,0.16755572,-0.189325631,-0.019199793,0.21263054,-0.289215267,-0.043812708,0.234640509,-0.35327822,-0.064737384,0.251361758,-0.409624428,-0.079052825,0.137780398,-0.224012077,-0.023527517,0.188352019,-0.337345541,-0.045295336,0.219000667,-0.412301794,-0.06493127,0.241936654,-0.474811703,-0.078585413,0.100744754,-0.239691794,-0.032395118,0.147100419,-0.348814249,-0.053191133,0.176836997,-0.416447043,-0.067740683,0.200634211,-0.474378258,-0.077169423,0.055645853,-0.240477383,-0.044452798,0.088230103,-0.324982584,-0.064722438,0.110285014,-0.381733,-0.073942718,0.130276293,-0.434776843,-0.079042752,OpenPalm
0,0,0,0.073230505,-0.006197572,-0.026701742,0.145096064,-0.056288779,-0.036925179,0.190301538,-0.117444694,-0.046587133,0.206396878,-0.186037987,-0.056172353,0.166858912,-0.193409264,-0.017249274,0.212220252,-0.293075025,-0.041551799,0.234404981,-0.356488287,-0.062417474,0.251255572,-0.412223905,-0.076723435,0.137023449,-0.227330297,-0.0219929,0.186648965,-0.340623856,-0.043491752,0.216793001,-0.414702624,-0.063156308,0.23937875,-0.476379842,-0.07690356,0.099934876,-0.242210567,-0.031328373,0.145519912,-0.351886868,-0.051983909,0.175091863,-0.420282125,-0.0667362,0.198639691,-0.478787661,-0.076383837,0.054897308,-0.242253006,-0.043775623,0.087006867,-0.327634215,-0.063941032,0.109364331,-0.385467172,-0.073389695,0.129573464,-0.439544618,-0.078753293,OpenPalm
0,0,0,0.073192269,-0.005212843,-0.024106677,0.14510563,-0.058108151,-0.032648448,0.191275746,-0.118663132,-0.040951129,0.205618292,-0.184632093,-0.049153916,0.166933268,-0.194598377,-0.01609993,0.212457627,-0.293797135,-0.039485946,0.235967308,-0.356952846,-0.059535917,0.254206866,-0.413202882,-0.073531974,0.138129741,-0.228980511,-0.021890923,0.188360244,-0.342649877,-0.042784862,0.219927639,-0.417327508,-0.0613157,0.243676573,-0.480249822,-0.074188176,0.101607472,-0.24402532,-0.031959683,0.147474021,-0.355045289,-0.052097704,0.176765233,-0.423031613,-0.065787989,0.200447708,-0.481790245,-0.074636306,0.057086676,-0.243741959,-0.045011639,0.088346988,-0.329462796,-0.065140758,0.110176355,-0.387437999,-0.074172515,0.130322605,-0.441286594,-0.079156231,OpenPalm
0,0,0,0.073186815,-0.004122376,-0.026989004,0.14495188,-0.055358887,-0.036890103,0.191372871,-0.117209256,-0.04612018,0.206998348,-0.186172515,-0.055049515,0.167792737,-0.193006009,-0.017461725,0.214410424,-0.292169213,-0.041638239,0.238505185,-0.355898499,-0.062270022,0.257330358,-0.412816331,-0.076682883,0.13915503,-0.228060722,-0.021985608,0.189657569,-0.341759115,-0.043678092,0.221164823,-0.416536957,-0.062855127,0.245234668,-0.479307711,-0.076211947,0.102970541,-0.24389407,-0.031136228,0.149611712,-0.35511899,-0.052128854,0.179329216,-0.423401341,-0.066473509,0.203418911,-0.482149661,-0.075717712,0.058717847,-0.244528204,-0.043497304,0.090280533,-0.329866529,-0.064337308,0.112444758,-0.388159573,-0.074069078,0.133001149,-0.442610502,-0.079502726,OpenPalm
0,0,0,0.077283144,-0.01055932,-0.021963416,0.148678184,-0.06848824,-0.029935376,0.191913128,-0.129181027,-0.038370532,0.202289641,-0.193884104,-0.047008638,0.167974532,-0.204604566,-0.01236499,0.210817933,-0.304383904,-0.035494276,0.232597888,-0.367091656,-0.056155045,0.249544263,-0.422775924,-0.070480478,0.136455655,-0.236810327,-0.019230989,0.184295297,-0.35079959,-0.03948281,0.214665055,-0.424290061,-0.058321823,0.237986624,-0.485677212,-0.071732883,0.098012209,-0.250165492,-0.030507966,0.143343389,-0.361006498,-0.050035179,0.173222542,-0.429279625,-0.064018962,0.197303534,-0.487168461,-0.073290181,0.051668108,-0.248757154,-0.044627388,0.082916439,-0.335976839,-0.063724895,0.105304182,-0.395508885,-0.072551337,0.12618196,-0.450818032,-0.07771599,OpenPalm
0,0,0,0.077174276,-0.01195997,-0.020646243,0.147862285,-0.06809479,-0.028234359,0.189560264,-0.12756145,-0.036449187,0.201135308,-0.192773819,-0.044810001,0.166134387,-0.203157365,-0.01148028,0.211536795,-0.30057025,-0.034347356,0.235280544,-0.361864686,-0.054551598,0.253648251,-0.417188853,-0.068578516,0.136310786,-0.234866142,-0.019109361,0.186841518,-0.346790075,-0.039382767,0.218653828,-0.420569807,-0.057951864,0.242080659,-0.483168036,-0.070971419,0.099075526,-0.248352617,-0.031044465,0.145866722,-0.358990729,-0.05065731,0.176037699,-0.427395299,-0.064733524,0.199833423,-0.485704303,-0.073848386,0.053892523,-0.246631503,-0.045685392,0.084971935,-0.334683836,-0.065204245,0.106409639,-0.394233197,-0.074173179,0.125996262,-0.449243248,-0.079190951,OpenPalm
0,0,0,0.076837093,-0.01242286,-0.021788865,0.146195561,-0.068652809,-0.030226197,0.18839851,-0.128262699,-0.039166946,0.200709194,-0.19411397,-0.048369851,0.163881928,-0.202554435,-0.013682797,0.208838135,-0.30017072,-0.037504196,0.232028693,-0.362084419,-0.058339287,0.250209838,-0.418676794,-0.072855011,0.133537143,-0.234472156,-0.021117128,0.183113009,-0.34774071,-0.042350072,0.214383632,-0.422340855,-0.061549403,0.238013893,-0.486026764,-0.075119823,0.095836729,-0.247992247,-0.032860603,0.141357988,-0.359326601,-0.053353526,0.170814186,-0.428873986,-0.067910962,0.194328338,-0.488447785,-0.077436335,0.050482601,-0.246485084,-0.047363873,0.080793291,-0.334438205,-0.067437865,0.102347881,-0.394308805,-0.076813318,0.122505814,-0.449756086,-0.08226297,OpenPalm
0,0,0,0.077353269,-0.012918234,-0.020778215,0.146198541,-0.068125188,-0.028966853,0.187308997,-0.126875341,-0.037901752,0.196269244,-0.192202598,-0.047126155,0.161779076,-0.202093065,-0.012822972,0.20548591,-0.30036974,-0.03611014,0.228454918,-0.362235188,-0.056527108,0.246374577,-0.41774413,-0.070650019,0.13102147,-0.233689934,-0.020451663,0.179807752,-0.347026706,-0.041176487,0.211171299,-0.421623841,-0.060070306,0.234701067,-0.484305829,-0.073276184,0.09336099,-0.247110873,-0.032245304,0.138120204,-0.358520776,-0.052079588,0.167229742,-0.427589417,-0.066424899,0.19042477,-0.48565948,-0.07574486,0.04814437,-0.245500892,-0.046711825,0.078076631,-0.332703292,-0.066228494,0.099139959,-0.392349243,-0.075366482,0.11868158,-0.446874157,-0.080560297,OpenPalm
0,0,0,0.075727135,-0.011789322,-0.021168642,0.145465523,-0.06748122,-0.0290989,0.187262207,-0.126417816,-0.037543874,0.195758313,-0.191254824,-0.046076823,0.161199778,-0.202987969,-0.012112053,0.205040127,-0.299520791,-0.034746978,0.227958173,-0.360497236,-0.054811772,0.24598977,-0.415630221,-0.068914927,0.131750673,-0.234812319,-0.019361352,0.180422038,-0.346738875,-0.039566483,0.211748689,-0.420010462,-0.058128822,0.235506624,-0.482177615,-0.071237244,0.09500435,-0.248138607,-0.030839005,0.140253931,-0.357890695,-0.050397467,0.169642955,-0.425748363,-0.06450586,0.193452686,-0.483734131,-0.073758893,0.050650746,-0.245935351,-0.045045961,0.07973662,-0.331748247,-0.064485445,0.100493163,-0.390638351,-0.073582791,0.12007913,-0.445081472,-0.07883507,OpenPalm
0,0,0,0.076756626,-0.012552857,-0.019550531,0.145526677,-0.067657948,-0.026830389,0.186295003,-0.125738263,-0.034991915,0.195709914,-0.189069867,-0.043494368,0.159470886,-0.200605303,-0.010903057,0.202869087,-0.297450721,-0.033245629,0.225515753,-0.358745158,-0.05298481,0.243201762,-0.414072096,-0.066825664,0.129739434,-0.232258648,-0.018806562,0.178092092,-0.344312638,-0.038762963,0.209085852,-0.417578891,-0.05708096,0.232532591,-0.47992599,-0.070038206,0.093021601,-0.245696932,-0.030819605,0.137558907,-0.355835974,-0.050063773,0.166475624,-0.423304826,-0.063902041,0.189668387,-0.481024563,-0.073035678,0.04882434,-0.244093716,-0.045431784,0.07808575,-0.330145061,-0.064512028,0.098920196,-0.388617605,-0.073418169,0.118503004,-0.442799583,-0.07863286,OpenPalm
0,0,0,0.053227171,-0.081584156,-0.016522811,0.073873982,-0.172683477,-0.01850368,0.068309739,-0.240796059,-0.020924223,0.037278309,-0.27242595,-0.024182542,0.009190336,-0.246049196,-0.002188368,-0.014197618,-0.333682299,-0.018452046,-0.03298153,-0.38585943,-0.034924549,-0.050705671,-0.430888131,-0.0465169,-0.028062537,-0.238406688,-0.00685622,-0.055460706,-0.337634504,-0.021152725,-0.07554701,-0.402436361,-0.037842655,-0.092734143,-0.455455884,-0.049862595,-0.060968816,-0.215112686,-0.014969744,-0.087256059,-0.310245842,-0.029629716,-0.102102429,-0.37085849,-0.041558028,-0.114957437,-0.420507312,-0.049185911,-0.092321888,-0.177213281,-0.025148585,-0.112817124,-0.252877444,-0.038036702,-0.123927459,-0.303218335,-0.042896484,-0.133957207,-0.347705007,-0.045458065,OpenPalm
0,0,0,0.052693993,-0.08059001,-0.013911959,0.073199421,-0.173699796,-0.013493676,0.067414314,-0.240366638,-0.014016251,0.038417459,-0.271662831,-0.01528275,0.008999646,-0.248644054,0.003763328,-0.012644365,-0.333742499,-0.010230787,-0.030216947,-0.384138197,-0.025537625,-0.046318516,-0.428174898,-0.036678746,-0.027585581,-0.241499394,-0.001661951,-0.05362469,-0.337951124,-0.014166971,-0.072707459,-0.401542962,-0.030226173,-0.088772848,-0.454647869,-0.041949745,-0.059822336,-0.218827963,-0.010624317,-0.086364739,-0.312882841,-0.024422424,-0.100663759,-0.372781783,-0.036485974,-0.112797007,-0.423429996,-0.044403467,-0.090303972,-0.180631638,-0.021434138,-0.111431263,-0.254812747,-0.03400806,-0.122232519,-0.304305732,-0.039065257,-0.131855249,-0.349577785,-0.041972924,OpenPalm
0,0,0,0.05369176,-0.081980526,-0.014938451,0.075015113,-0.175158292,-0.015713214,0.070907131,-0.243355155,-0.017407689,0.04147242,-0.275309294,-0.0197116,0.013824031,-0.248920351,0.002317793,-0.008862421,-0.33710736,-0.013059935,-0.026623562,-0.388426721,-0.029097944,-0.043920666,-0.43307662,-0.040534492,-0.022335932,-0.242923826,-0.00302233,-0.04915075,-0.342032433,-0.017315225,-0.068500206,-0.406663179,-0.034283641,-0.086269945,-0.460370332,-0.046417225,-0.054880619,-0.22145164,-0.011970938,-0.079349115,-0.316624403,-0.027468483,-0.093875587,-0.377150685,-0.040005024,-0.107970871,-0.426810518,-0.047759145,-0.085933961,-0.185526222,-0.022856228,-0.105126813,-0.260446101,-0.036332827,-0.116615042,-0.309315026,-0.04159107,-0.128570229,-0.351632297,-0.044409126,OpenPalm
0,0,0,0.052661821,-0.080167532,-0.016713314,0.075795516,-0.17143935,-0.019652784,0.071983263,-0.240606099,-0.02301717,0.040739387,-0.272094011,-0.027296513,0.015272781,-0.245655745,-0.004097766,-0.007172912,-0.335000843,-0.021086024,-0.025413752,-0.387048602,-0.037775794,-0.043163761,-0.431609169,-0.049383787,-0.021645561,-0.239220649,-0.009083782,-0.046850771,-0.339151263,-0.024171911,-0.066478789,-0.403959334,-0.04106137,-0.08442004,-0.45651409,-0.053158985,-0.054413125,-0.216686547,-0.017436711,-0.07750155,-0.312172472,-0.033017063,-0.092727125,-0.372780919,-0.045082686,-0.107095011,-0.422069669,-0.05270029,-0.086191446,-0.17904076,-0.027793467,-0.106088825,-0.253949612,-0.041343568,-0.117397912,-0.303979367,-0.046393538,-0.128172241,-0.347364336,-0.049059654,OpenPalm
0,0,0,0.051789328,-0.079698801,-0.018018345,0.073090658,-0.170936614,-0.021146693,0.068129137,-0.238111764,-0.024435506,0.037741274,-0.270411938,-0.0283036,0.011628807,-0.243266582,-0.004171052,-0.010337651,-0.332463413,-0.020788342,-0.028053954,-0.385387182,-0.036925179,-0.044474199,-0.43039304,-0.048092384,-0.0249217,-0.236460179,-0.008155108,-0.050849572,-0.335865259,-0.023174126,-0.070188418,-0.401539296,-0.039771338,-0.086676814,-0.455058783,-0.051399354,-0.057305932,-0.214172989,-0.015680286,-0.082245305,-0.309534341,-0.031225132,-0.097371064,-0.370912999,-0.043667626,-0.110309638,-0.421315789,-0.051386022,-0.088197522,-0.177318752,-0.025307192,-0.108585216,-0.250346869,-0.039040086,-0.119999245,-0.300853103,-0.044812997,-0.12993893,-0.345147997,-0.047866993,OpenPalm
0,0,0,0.052096486,-0.079496086,-0.015922789,0.074548274,-0.167148501,-0.019225462,0.071240157,-0.232548624,-0.023165474,0.042340726,-0.266456723,-0.028133381,0.015157223,-0.241345435,-0.004857808,-0.006325379,-0.331367731,-0.022575664,-0.02455841,-0.383328766,-0.039252412,-0.042180926,-0.42733261,-0.050654836,-0.021241084,-0.235186517,-0.010547095,-0.045099705,-0.335450947,-0.026211312,-0.064130336,-0.400056407,-0.04325936,-0.081223115,-0.452640057,-0.055316106,-0.054438338,-0.212855637,-0.019535512,-0.07812646,-0.308818161,-0.035318405,-0.092936203,-0.369253427,-0.047507536,-0.106058694,-0.419122338,-0.055187732,-0.086946175,-0.175398201,-0.03039942,-0.107297704,-0.250227034,-0.044133347,-0.117934741,-0.299954683,-0.049294379,-0.127358519,-0.343604386,-0.051950813,OpenPalm
0,0,0,0.053646579,-0.078969121,-0.016701532,0.075389192,-0.170748591,-0.018491096,0.069619909,-0.237881929,-0.020737627,0.03919296,-0.270693362,-0.023665301,0.015030101,-0.242756218,-0.000691125,-0.005697176,-0.330395311,-0.016720319,-0.022443309,-0.38354972,-0.032792525,-0.038118765,-0.429065987,-0.044162398,-0.021632299,-0.237190068,-0.005265123,-0.045340389,-0.335032284,-0.020055502,-0.062662512,-0.401090652,-0.036883035,-0.077566847,-0.455632791,-0.048658004,-0.0545398,-0.21614185,-0.013494706,-0.078350261,-0.311334133,-0.029297467,-0.091642007,-0.373789966,-0.042022945,-0.10304831,-0.42593582,-0.049819929,-0.086180732,-0.180143476,-0.023707209,-0.106037654,-0.254278988,-0.037853485,-0.116476364,-0.304404795,-0.043650644,-0.125682108,-0.348989457,-0.046664131,OpenPalm
0,0,0,0.054597378,-0.076894224,-0.01509057,0.076223165,-0.166865677,-0.015972025,0.071111917,-0.233204216,-0.017484605,0.041732192,-0.266573429,-0.019876646,0.015889302,-0.240118206,-0.000104985,-0.004862592,-0.327674389,-0.015638441,-0.021805838,-0.380547851,-0.031329453,-0.037527099,-0.425412357,-0.042404465,-0.02040568,-0.234380066,-0.005309617,-0.044048071,-0.333100259,-0.019242353,-0.061701164,-0.398982301,-0.035651568,-0.076580435,-0.45310089,-0.047337506,-0.05320242,-0.212938905,-0.013963099,-0.077120095,-0.308314055,-0.028872607,-0.089918874,-0.369107753,-0.041195679,-0.100466587,-0.4199709,-0.049026541,-0.085127383,-0.176347613,-0.02445998,-0.104910709,-0.24987331,-0.038061026,-0.114551,-0.299128443,-0.043577887,-0.122641765,-0.343406737,-0.046569332,OpenPalm
0,0,0,0.053358734,-0.079535425,-0.014846693,0.076024383,-0.170328557,-0.016228386,0.072220117,-0.23857078,-0.018517266,0.041675717,-0.272855639,-0.021623467,0.01601924,-0.245223969,0.000875144,-0.003608719,-0.334164649,-0.014928151,-0.020283818,-0.386924088,-0.031103712,-0.036492109,-0.43192938,-0.042492489,-0.020325154,-0.240529329,-0.004763041,-0.043187961,-0.339582086,-0.018946356,-0.060540229,-0.405471608,-0.035706526,-0.075835764,-0.459566325,-0.047555728,-0.053163365,-0.219552994,-0.013919989,-0.076360881,-0.315018237,-0.028779304,-0.08907938,-0.376220465,-0.040953758,-0.100390255,-0.427323505,-0.048623095,-0.084692985,-0.183017671,-0.024992128,-0.104177229,-0.258105695,-0.038188151,-0.114634991,-0.307561547,-0.043222475,-0.12413986,-0.351228356,-0.045807606,OpenPalm
0,0,0,0.054711297,-0.078576803,-0.01487172,0.076675251,-0.168214887,-0.016271247,0.074143663,-0.236293852,-0.018671371,0.045022711,-0.271978378,-0.021997081,0.01838164,-0.243382424,0.000533372,-0.001426041,-0.332963765,-0.015494605,-0.018751845,-0.386002481,-0.031625392,-0.035774246,-0.431353018,-0.042939449,-0.018713325,-0.239045888,-0.005181724,-0.041134238,-0.339132339,-0.019607913,-0.058117777,-0.405477032,-0.036185386,-0.073164165,-0.460322797,-0.047891485,-0.052493945,-0.218238026,-0.014460553,-0.075051993,-0.314702451,-0.029534798,-0.087303773,-0.376899272,-0.041592202,-0.097722605,-0.429167733,-0.0492056,-0.085106537,-0.182543188,-0.025658926,-0.104248576,-0.257670879,-0.0389631,-0.113576427,-0.307760805,-0.043953779,-0.121447682,-0.352424085,-0.046583051,OpenPalm
0,0,0,0.053633317,-0.078850746,-0.015064379,0.07578446,-0.168115586,-0.015922253,0.071015671,-0.233774811,-0.01762128,0.04280825,-0.269563735,-0.020031548,0.015390366,-0.243623495,0.002288109,-0.005191892,-0.332011342,-0.012613193,-0.021944389,-0.38527149,-0.028100495,-0.037514165,-0.431094885,-0.039056291,-0.022069827,-0.239000231,-0.00274209,-0.045227632,-0.337419331,-0.016372499,-0.061317936,-0.40322271,-0.032712569,-0.07441543,-0.457887948,-0.044101444,-0.05568628,-0.218124598,-0.011399497,-0.078987449,-0.314353615,-0.026008523,-0.090534106,-0.375863045,-0.038368521,-0.099762797,-0.427721605,-0.046026987,-0.087318942,-0.181546509,-0.021947167,-0.10644874,-0.256701142,-0.035129846,-0.116586722,-0.305819988,-0.040305794,-0.1253521,-0.349951118,-0.042865665,OpenPalm
0,0,0,0.05453144,-0.080099583,-0.014798168,0.076591,-0.171738446,-0.015844334,0.071544394,-0.240150988,-0.017782588,0.041493639,-0.275398016,-0.020535829,0.016915396,-0.245901674,0.001757821,-0.002535835,-0.335030615,-0.01340057,-0.018408313,-0.388094187,-0.028962037,-0.03329879,-0.433675125,-0.040030861,-0.020256937,-0.241502523,-0.003694197,-0.04251273,-0.341255993,-0.017732626,-0.05860351,-0.407595962,-0.034128012,-0.07216619,-0.462167472,-0.045579238,-0.053708643,-0.220503002,-0.012713987,-0.076442048,-0.317693204,-0.027749617,-0.087729365,-0.380331844,-0.040016392,-0.096796796,-0.433090508,-0.047686258,-0.085688427,-0.183555752,-0.023572633,-0.104711764,-0.258874178,-0.037197864,-0.113842741,-0.309639066,-0.042561838,-0.121347494,-0.355328351,-0.045368364,OpenPalm
0,0,0,0.054857433,-0.079000533,-0.016272556,0.078086823,-0.167360365,-0.019013537,0.074112713,-0.234922707,-0.022447109,0.044272929,-0.271600068,-0.026726346,0.019235894,-0.243026555,-0.001657447,-1.78E-05,-0.333212435,-0.018602022,-0.016532898,-0.386113584,-0.035081697,-0.032557696,-0.431076407,-0.04640985,-0.017736435,-0.238530874,-0.006806199,-0.039418101,-0.339117885,-0.022044504,-0.055492043,-0.405422047,-0.038657849,-0.069389269,-0.459746867,-0.050177054,-0.051536381,-0.217418373,-0.015605016,-0.073345184,-0.31503132,-0.031506674,-0.085034788,-0.37768209,-0.043659916,-0.09491308,-0.429740295,-0.051061553,-0.084295034,-0.181000292,-0.026334444,-0.101638131,-0.2572577,-0.040422463,-0.110649765,-0.307901561,-0.045665478,-0.118760578,-0.352604091,-0.048202434,OpenPalm
0,0,0,0.055890918,-0.078050673,-0.014589576,0.079606205,-0.166879237,-0.015617794,0.07473731,-0.23223418,-0.017575149,0.046406597,-0.268487096,-0.020405262,0.019426882,-0.241364986,0.000995688,0.000736386,-0.3310211,-0.014384241,-0.015174925,-0.384268701,-0.029676323,-0.030654639,-0.429519758,-0.04028312,-0.017237753,-0.236689091,-0.004501646,-0.038504347,-0.336583197,-0.018449581,-0.05460608,-0.402793854,-0.03452707,-0.068372935,-0.456969589,-0.045757844,-0.050594628,-0.21627903,-0.013527752,-0.072780997,-0.312669396,-0.028204883,-0.084081203,-0.37470293,-0.040075688,-0.093150914,-0.426461011,-0.047460872,-0.083007455,-0.181226581,-0.024387964,-0.10154216,-0.256904185,-0.037432934,-0.110129565,-0.307854265,-0.042412719,-0.117186688,-0.35343799,-0.044942423,OpenPalm
0,0,0,0.056773335,-0.07428956,-0.016835788,0.080538452,-0.162006527,-0.019305902,0.076819748,-0.22942856,-0.022262588,0.047491878,-0.265461713,-0.026070142,0.021112323,-0.238232017,-0.003142407,0.00277102,-0.329104304,-0.019648684,-0.013862431,-0.38303259,-0.035665968,-0.030428886,-0.429109722,-0.046830578,-0.01605919,-0.234767854,-0.007588953,-0.037345931,-0.335566521,-0.022173585,-0.053452671,-0.402567565,-0.03834326,-0.067537278,-0.457610428,-0.049770279,-0.050057739,-0.215466142,-0.015548011,-0.071575314,-0.312449306,-0.030432144,-0.082615227,-0.374616921,-0.042330095,-0.091984987,-0.426609725,-0.049943389,-0.082890123,-0.181885689,-0.025549751,-0.100601196,-0.256777495,-0.039124401,-0.110235162,-0.305739462,-0.044302111,-0.119276814,-0.349028528,-0.046973681,OpenPalm
0,0,0,0.05512403,-0.074609518,-0.017608128,0.079596445,-0.163488805,-0.021169038,0.075575277,-0.231817245,-0.02488102,0.046349242,-0.268422127,-0.029520225,0.021204382,-0.240127355,-0.006706928,0.002684847,-0.33224839,-0.024151906,-0.014179647,-0.386358365,-0.040427469,-0.031142518,-0.431973159,-0.051517594,-0.015459254,-0.235940963,-0.011226975,-0.036753729,-0.337619007,-0.026561042,-0.053484038,-0.404140308,-0.042753015,-0.068521962,-0.457906157,-0.054019272,-0.0490309,-0.215784878,-0.019075435,-0.070354551,-0.313800842,-0.03442686,-0.082338378,-0.376463026,-0.046040833,-0.092525631,-0.427815333,-0.053302698,-0.082022771,-0.180918992,-0.028934477,-0.100161821,-0.256471097,-0.042644922,-0.109709024,-0.306728125,-0.047465894,-0.118282542,-0.350478411,-0.049729537,OpenPalm
0,0,0,0.059048891,-0.056248367,-0.030394055,0.113669649,-0.139927626,-0.040743703,0.158529565,-0.220677972,-0.048956374,0.190942004,-0.281156778,-0.055687213,0.09377414,-0.273345768,-0.016183566,0.12602967,-0.382073164,-0.031787956,0.140578404,-0.444806099,-0.046029108,0.150176838,-0.497043699,-0.056199366,0.050498173,-0.289387345,-0.016000819,0.070135385,-0.409147024,-0.026227422,0.080486611,-0.480349213,-0.039082436,0.087407187,-0.535190314,-0.049057739,0.004845649,-0.280653536,-0.020570807,0.0117594,-0.389621496,-0.034036735,0.018525571,-0.453056395,-0.048634241,0.026418731,-0.501812488,-0.059500886,-0.043839946,-0.251280606,-0.028374974,-0.068769872,-0.325741827,-0.046185942,-0.087620482,-0.37519908,-0.056585455,-0.102338582,-0.419545829,-0.062450441,OpenPalm
0,0,0,0.057777643,-0.057915866,-0.028002137,0.109744012,-0.14183706,-0.037932129,0.151754111,-0.223433733,-0.046091465,0.183654159,-0.28330344,-0.053023377,0.090165675,-0.270261526,-0.015336185,0.120052963,-0.377848327,-0.031083652,0.132668585,-0.44123137,-0.045167157,0.140694708,-0.493945658,-0.055222453,0.045915216,-0.285782099,-0.016437029,0.061196297,-0.405362308,-0.027020417,0.068679407,-0.477097154,-0.039330976,0.073451489,-0.532458514,-0.048678575,-4.66E-05,-0.276374042,-0.021985,0.005741835,-0.384034753,-0.035318078,0.01279071,-0.449190617,-0.048743629,0.021239385,-0.499118745,-0.058774972,-0.048536777,-0.245612681,-0.03057505,-0.074884407,-0.316681683,-0.047330634,-0.09320879,-0.364642859,-0.056141974,-0.106968746,-0.407272518,-0.060911337,OpenPalm
0,0,0,0.057807937,-0.058621168,-0.026105435,0.10886918,-0.143232405,-0.035573795,0.149206698,-0.224339664,-0.043774862,0.18057245,-0.283335865,-0.050838452,0.085818186,-0.269739866,-0.014448623,0.114030242,-0.377917409,-0.030224949,0.126241833,-0.441078424,-0.044294391,0.133727312,-0.494074941,-0.054231986,0.042047679,-0.283480227,-0.016644208,0.055811673,-0.402529418,-0.027419695,0.061652213,-0.475210935,-0.039496537,0.064790696,-0.531416386,-0.048691284,-0.003475726,-0.272586763,-0.023132678,0.001661502,-0.379859626,-0.036175903,0.008368731,-0.446102321,-0.04841515,0.016662747,-0.495979995,-0.057546232,-0.052354604,-0.240493059,-0.032581132,-0.078662828,-0.313263416,-0.048279211,-0.096024051,-0.363136888,-0.05574163,-0.108643413,-0.406808496,-0.059634719,OpenPalm
0,0,0,0.063786939,-0.05466795,-0.027097859,0.115644112,-0.150379181,-0.034989907,0.151219651,-0.239292741,-0.041433467,0.181699052,-0.299274147,-0.046682737,0.090501294,-0.283272505,-0.015011333,0.115818635,-0.396187901,-0.030476869,0.127038553,-0.462065518,-0.043387103,0.133302942,-0.515544057,-0.052674829,0.043137103,-0.297054887,-0.016889902,0.053804085,-0.422263265,-0.028437168,0.058227047,-0.498509347,-0.039983171,0.060338899,-0.555610597,-0.048544838,-0.004444435,-0.285514116,-0.023379969,-0.001081958,-0.398767412,-0.038562874,0.004937917,-0.468075246,-0.052796478,0.012090981,-0.520387799,-0.062974612,-0.053759366,-0.252178073,-0.032761304,-0.081770241,-0.330225706,-0.052177979,-0.101694673,-0.383295655,-0.063073384,-0.117334649,-0.430494547,-0.069150689,OpenPalm
0,0,0,0.06154944,-0.053467155,-0.028890191,0.113124818,-0.147320569,-0.037370185,0.150607616,-0.235225558,-0.04401424,0.181683928,-0.295375824,-0.049388951,0.089984357,-0.283460617,-0.015980179,0.115792066,-0.39473772,-0.031413077,0.127253205,-0.45984751,-0.044419749,0.133823365,-0.513509244,-0.053895189,0.043248087,-0.297273755,-0.01711293,0.054227069,-0.420654774,-0.028465045,0.058259979,-0.496233821,-0.040033887,0.05983904,-0.553924203,-0.048690046,-0.003901049,-0.285185575,-0.02304704,-0.000204116,-0.394625247,-0.038276627,0.006210625,-0.463261068,-0.052442769,0.013542846,-0.516168505,-0.062619771,-0.053342618,-0.251516223,-0.032107836,-0.08190196,-0.326656342,-0.05161612,-0.101671621,-0.378560245,-0.06253286,-0.11673066,-0.426092386,-0.06865457,OpenPalm
0,0,0,0.061746091,-0.053339362,-0.028103558,0.112997055,-0.147685707,-0.036242123,0.151875138,-0.234967291,-0.04274401,0.183883548,-0.294950545,-0.047990493,0.091026902,-0.281629384,-0.014860426,0.116463959,-0.392662883,-0.030101183,0.127631277,-0.458424568,-0.043109685,0.13404718,-0.512823999,-0.052748583,0.044169441,-0.29657644,-0.016393154,0.053962499,-0.420089006,-0.027525177,0.057834834,-0.495743752,-0.03916179,0.059587061,-0.554797649,-0.047729801,-0.002870649,-0.285107374,-0.022616563,-0.000401169,-0.396226227,-0.037740353,0.006514087,-0.465546727,-0.051994953,0.014597952,-0.520682484,-0.062241796,-0.051189549,-0.251392365,-0.031904947,-0.080352239,-0.324900389,-0.051378585,-0.100399464,-0.376010537,-0.06211869,-0.11591728,-0.423026025,-0.068038895,OpenPalm
0,0,0,0.061654389,-0.054616928,-0.026863896,0.111861423,-0.148823082,-0.034544666,0.148665056,-0.236274302,-0.040870547,0.179541185,-0.296200335,-0.045927633,0.08850874,-0.28301084,-0.013515637,0.113937601,-0.393086851,-0.028231701,0.124920413,-0.457965434,-0.04058009,0.131042168,-0.511056513,-0.049642094,0.041725591,-0.297163546,-0.015651571,0.052043736,-0.420084357,-0.026401106,0.055786699,-0.495178491,-0.03722493,0.05721885,-0.552964538,-0.045157936,-0.005312666,-0.28501457,-0.02249571,-0.002257988,-0.39557302,-0.037630268,0.004981861,-0.464062452,-0.051285573,0.013209581,-0.517014444,-0.060922425,-0.054193549,-0.250539422,-0.032305967,-0.083856404,-0.324687839,-0.052009877,-0.104060367,-0.375910997,-0.062698502,-0.119557783,-0.422488093,-0.068451535,OpenPalm
0,0,0,0.062490478,-0.055425525,-0.02703134,0.112538427,-0.149433196,-0.03496831,0.148686439,-0.237526596,-0.041520574,0.180158645,-0.297325552,-0.046825637,0.088574409,-0.282321215,-0.014151052,0.113894701,-0.393066585,-0.029226829,0.124829829,-0.457899749,-0.042069477,0.130752534,-0.511578828,-0.051484611,0.041442916,-0.296377182,-0.016219646,0.0516541,-0.420335233,-0.0271912,0.055405065,-0.495592237,-0.038496484,0.056324214,-0.552960426,-0.046926156,-0.00576435,-0.284329176,-0.022939649,-0.003568456,-0.393526912,-0.037747648,0.003104955,-0.461924523,-0.051597741,0.010392606,-0.51473093,-0.061558545,-0.054785654,-0.25013423,-0.032651742,-0.083970957,-0.324575305,-0.051554662,-0.104109332,-0.375894487,-0.06191893,-0.119870245,-0.422495306,-0.067689196,OpenPalm
0,0,0,0.061905995,-0.055942297,-0.026449,0.111439422,-0.149850368,-0.034155925,0.148011342,-0.237333298,-0.040434019,0.179109946,-0.296356797,-0.045737972,0.087404683,-0.279462755,-0.015164171,0.111536846,-0.3916201,-0.030342926,0.121954039,-0.457170576,-0.043200133,0.12801756,-0.511185348,-0.052772374,0.039953738,-0.292173505,-0.017716606,0.048864335,-0.417749703,-0.02927176,0.052664891,-0.493149877,-0.041206987,0.054575533,-0.551212937,-0.050135029,-0.007571891,-0.278873622,-0.024705756,-0.005431861,-0.390918434,-0.040477776,0.000537932,-0.460695654,-0.055430279,0.007726774,-0.515386581,-0.066214101,-0.056685045,-0.243973792,-0.034434759,-0.085731991,-0.319084585,-0.054273618,-0.106039539,-0.369926155,-0.065092505,-0.121772587,-0.41653049,-0.071272411,OpenPalm
0,0,0,0.062176526,-0.056054056,-0.028494048,0.111740917,-0.151026905,-0.037172635,0.147579581,-0.240037739,-0.044226864,0.178020865,-0.301326632,-0.050053572,0.086922556,-0.282952845,-0.016544127,0.111314863,-0.394194603,-0.032411126,0.121527463,-0.459111512,-0.045820461,0.126838475,-0.513244271,-0.055704286,0.039330542,-0.296795964,-0.018212376,0.048381776,-0.420897067,-0.029953893,0.051832438,-0.496361136,-0.04163972,0.05292964,-0.554874003,-0.050533166,-0.008156091,-0.284431517,-0.024634212,-0.006170169,-0.394717216,-0.040336826,-0.000308484,-0.463058472,-0.054856961,0.0062159,-0.516563714,-0.06531951,-0.057005525,-0.249656379,-0.034122956,-0.085851043,-0.32407558,-0.053759632,-0.106598541,-0.374646187,-0.064711438,-0.123507142,-0.420835495,-0.071031095,OpenPalm
0,0,0,0.060736522,-0.057933986,-0.027882539,0.10985963,-0.151937008,-0.036354339,0.146870151,-0.239901781,-0.043422276,0.177631393,-0.300857127,-0.049213464,0.085360914,-0.285527527,-0.013806883,0.110055909,-0.395627677,-0.029233288,0.120351121,-0.460345984,-0.042850266,0.125818864,-0.514062971,-0.05281101,0.038268626,-0.299589038,-0.015325579,0.047690585,-0.422026038,-0.026074758,0.050697908,-0.497271299,-0.037612925,0.051304892,-0.55520308,-0.046377654,-0.009200633,-0.287182152,-0.021678847,-0.008091882,-0.395878911,-0.035756452,-0.003184944,-0.463824332,-0.049501309,0.002938181,-0.517177492,-0.059646437,-0.058464952,-0.251600802,-0.031219304,-0.087436981,-0.323079944,-0.048941383,-0.107773796,-0.372923493,-0.058831053,-0.123780072,-0.418719649,-0.06451791,OpenPalm
0,0,0,0.061026573,-0.058208346,-0.028468746,0.110176206,-0.150379479,-0.037066282,0.146121919,-0.23867029,-0.044075803,0.175903678,-0.299696863,-0.049957336,0.084841192,-0.282325029,-0.014913941,0.109457374,-0.392728567,-0.030422465,0.119195044,-0.457625329,-0.044081544,0.124252588,-0.511953235,-0.054091425,0.037223309,-0.294929922,-0.016151347,0.046000406,-0.418362558,-0.027216178,0.04867515,-0.49327901,-0.039120925,0.049222827,-0.550946176,-0.048208085,-0.010365874,-0.281809032,-0.022169414,-0.009497464,-0.390171766,-0.036781066,-0.004568323,-0.45810771,-0.050870427,0.001303002,-0.510760099,-0.061135423,-0.059714228,-0.246669352,-0.031346121,-0.088970549,-0.318867028,-0.049520333,-0.10945408,-0.36850071,-0.059558378,-0.125864655,-0.413931787,-0.065290743,OpenPalm
0,0,0,0.061058059,-0.05747211,-0.028569354,0.110061407,-0.148782253,-0.037355317,0.146084666,-0.236661315,-0.044535046,0.175977051,-0.297337413,-0.050557839,0.084456131,-0.281522214,-0.014948929,0.109122097,-0.391959786,-0.030436965,0.119154066,-0.456887931,-0.044114543,0.124373853,-0.511063159,-0.054152263,0.036931604,-0.294315934,-0.016055169,0.045420244,-0.417690575,-0.027181348,0.048184484,-0.49246195,-0.039139954,0.048691556,-0.549815983,-0.048196742,-0.01032576,-0.281445503,-0.021915818,-0.01033777,-0.389711857,-0.036436955,-0.005843386,-0.457924604,-0.05053314,-0.000403211,-0.510726988,-0.060777748,-0.059239201,-0.246542513,-0.030937174,-0.08871413,-0.319010675,-0.049011691,-0.109247148,-0.369064569,-0.059022578,-0.12559031,-0.414687276,-0.06468839,OpenPalm
0,0,0,0.061656758,-0.057136655,-0.028603657,0.110842124,-0.152121425,-0.036668719,0.146392748,-0.241014004,-0.043047999,0.177098617,-0.301326692,-0.048138131,0.085050076,-0.284064114,-0.014333387,0.110135421,-0.393818498,-0.029195101,0.120366916,-0.458648026,-0.042306502,0.125552818,-0.512784213,-0.051943322,0.037557006,-0.297183931,-0.015210297,0.046715528,-0.419648767,-0.025556947,0.049549624,-0.494855046,-0.03655896,0.049828708,-0.552518189,-0.044786022,-0.009919077,-0.284498155,-0.020925621,-0.009429947,-0.392499387,-0.034936764,-0.004527256,-0.460723996,-0.04828357,0.001173839,-0.514089376,-0.057872352,-0.05912362,-0.249361098,-0.02986127,-0.088342451,-0.321480572,-0.04762134,-0.108860269,-0.370933115,-0.057183032,-0.125331014,-0.416397452,-0.062404488,OpenPalm
0,0,0,0.061186165,-0.058047712,-0.02835913,0.110379159,-0.151366889,-0.036664348,0.146239638,-0.239485979,-0.043401889,0.176820487,-0.299969018,-0.048892036,0.084997967,-0.283631444,-0.013994249,0.109893292,-0.393460333,-0.029002644,0.12011987,-0.458058357,-0.042208459,0.1254538,-0.51200068,-0.05185711,0.037618294,-0.296669841,-0.015090733,0.046434626,-0.419212401,-0.02548304,0.049283147,-0.494177878,-0.036556255,0.049716115,-0.551648408,-0.044858485,-0.009810045,-0.283927381,-0.021048821,-0.009236276,-0.391537249,-0.03508494,-0.00435628,-0.459558427,-0.048512589,0.001412287,-0.512893409,-0.058179233,-0.058989815,-0.248901427,-0.030214583,-0.088335849,-0.320335984,-0.048034686,-0.109015286,-0.369577229,-0.057666197,-0.125690609,-0.414963901,-0.062926169,OpenPalm
0,0,0,0.060620934,-0.05815053,-0.028326093,0.109752506,-0.152166188,-0.03649346,0.146311998,-0.239785731,-0.043096619,0.176741332,-0.300071418,-0.048419485,0.084663808,-0.28434217,-0.013946189,0.109615505,-0.394062638,-0.028868273,0.11987868,-0.458813608,-0.041899225,0.12516287,-0.512644291,-0.051353505,0.037334859,-0.297670305,-0.015066514,0.046508566,-0.419892192,-0.025227249,0.049474299,-0.494856477,-0.0359129,0.049927771,-0.552039355,-0.043817273,-0.010021225,-0.284968734,-0.021086663,-0.009328634,-0.39258337,-0.034975226,-0.004478723,-0.460326552,-0.048076591,0.001367241,-0.513347179,-0.057426891,-0.059112236,-0.249955356,-0.030344699,-0.088524424,-0.321515322,-0.048238324,-0.109180525,-0.370840192,-0.057824882,-0.125528231,-0.416315615,-0.062946326,OpenPalm
0,0,0,0.060511842,-0.058277488,-0.028181506,0.109648734,-0.152351737,-0.0363071,0.146335185,-0.240038633,-0.042866427,0.176706076,-0.300364196,-0.048153359,0.084427834,-0.284285903,-0.01407314,0.109503895,-0.394097924,-0.029069948,0.119777024,-0.458757102,-0.042126074,0.125104129,-0.512635618,-0.051582429,0.037176967,-0.297595263,-0.015213621,0.046349138,-0.419853389,-0.025450672,0.049380735,-0.494824737,-0.036160103,0.049941286,-0.551986188,-0.044109728,-0.01013878,-0.285009384,-0.021223323,-0.009422883,-0.392330587,-0.035067606,-0.004420668,-0.459970593,-0.048113282,0.001596346,-0.512896299,-0.057461369,-0.059137039,-0.250192881,-0.030463924,-0.088520475,-0.32155323,-0.048215415,-0.109157264,-0.370798051,-0.05773659,-0.125504866,-0.41626358,-0.062856655,OpenPalm
0,0,0,0.060170338,-0.058007717,-0.028462198,0.109252557,-0.151557028,-0.036810813,0.146008596,-0.239157736,-0.043542897,0.176242992,-0.29948622,-0.048916774,0.083881781,-0.283688724,-0.014037793,0.108965203,-0.393246412,-0.028868366,0.119543418,-0.458128512,-0.041747471,0.125001594,-0.511787653,-0.051077934,0.036739573,-0.297050536,-0.015075484,0.045843109,-0.419353366,-0.025193673,0.04879652,-0.494321972,-0.035751859,0.049454823,-0.551372737,-0.043566579,-0.010517791,-0.284472823,-0.021033574,-0.009845555,-0.392157257,-0.034878315,-0.004946545,-0.460096955,-0.048013622,0.001203865,-0.512907654,-0.057432016,-0.059683345,-0.249782503,-0.030243523,-0.089654222,-0.321313143,-0.048209885,-0.110827327,-0.370943189,-0.058021044,-0.127415031,-0.41664052,-0.06331964,OpenPalm
0,0,0,0.060512617,-0.057741225,-0.028630812,0.109738439,-0.15173912,-0.036822842,0.146187603,-0.23969388,-0.043376559,0.176500261,-0.299987316,-0.048574375,0.084304824,-0.28389287,-0.013769943,0.10935995,-0.393023968,-0.028523739,0.119832516,-0.457785606,-0.041443014,0.125282049,-0.511464179,-0.050844273,0.037002891,-0.297197998,-0.014718879,0.046189025,-0.419209123,-0.024712983,0.049148142,-0.494137645,-0.035343951,0.049889743,-0.551153302,-0.043264573,-0.010421634,-0.284464478,-0.020622399,-0.009629533,-0.39193505,-0.034442374,-0.004640251,-0.45970127,-0.047602193,0.001666844,-0.512319446,-0.057053374,-0.05978296,-0.249561191,-0.029806303,-0.089740209,-0.320928514,-0.047783444,-0.110818729,-0.370440841,-0.05762863,-0.127252653,-0.416103721,-0.062972771,OpenPalm
0,0,0,0.060726553,-0.057581246,-0.02858143,0.109891385,-0.152178228,-0.036942574,0.146299928,-0.240428686,-0.043609752,0.17660585,-0.300913036,-0.048899578,0.084294334,-0.284199834,-0.014538613,0.109152555,-0.393565297,-0.029527752,0.119571477,-0.458364218,-0.042388691,0.125099629,-0.511929393,-0.05170204,0.036966413,-0.297447979,-0.01557788,0.045554072,-0.419672191,-0.025898679,0.048209801,-0.494824588,-0.036361726,0.048780337,-0.552380085,-0.044092933,-0.01026088,-0.284691036,-0.02153253,-0.009736151,-0.392488062,-0.035715616,-0.004982144,-0.460555106,-0.04875576,0.000988409,-0.51345849,-0.058032291,-0.059232645,-0.249634326,-0.030733399,-0.089411557,-0.321492791,-0.049009053,-0.110485256,-0.371430039,-0.058898481,-0.12679255,-0.417525232,-0.064209061,OpenPalm
0,0,0,0.060765877,-0.057823956,-0.028314983,0.109963953,-0.152366459,-0.036598702,0.146372765,-0.240554869,-0.043240016,0.176632762,-0.300911188,-0.048537814,0.084477693,-0.283989191,-0.014503756,0.109317034,-0.393446267,-0.029544301,0.119680017,-0.45828867,-0.042369873,0.12521717,-0.51181078,-0.051645798,0.037160337,-0.297267795,-0.015712419,0.045680538,-0.419715106,-0.026138664,0.048383832,-0.494907141,-0.036590145,0.049052313,-0.552397609,-0.044275076,-0.010089427,-0.284510791,-0.021809354,-0.009628862,-0.392517805,-0.036137701,-0.004771948,-0.460651755,-0.049186633,0.001347318,-0.513552666,-0.058426009,-0.059124835,-0.249458671,-0.031116414,-0.089422107,-0.321303844,-0.049556949,-0.110540673,-0.371275604,-0.059494631,-0.126868367,-0.417403281,-0.0648015,OpenPalm
0,0,0,0.061162949,-0.057007313,-0.028639385,0.110389769,-0.150523186,-0.036990532,0.146632135,-0.238773227,-0.043743671,0.177359045,-0.299251556,-0.049074674,0.084640324,-0.283480823,-0.013383587,0.109435439,-0.392947733,-0.027826437,0.120156109,-0.457783282,-0.040448205,0.125981629,-0.511366606,-0.04965257,0.037546605,-0.296999276,-0.014248977,0.046247423,-0.41928345,-0.023928374,0.049116895,-0.494656861,-0.034303342,0.049917489,-0.552551746,-0.042105907,-0.009349063,-0.284520984,-0.020115241,-0.00832811,-0.391471207,-0.033884963,-0.003559917,-0.459458947,-0.047372376,0.002200246,-0.512147784,-0.057091573,-0.05815661,-0.249923944,-0.029230697,-0.088591725,-0.32098794,-0.047440784,-0.110305771,-0.370657444,-0.057716937,-0.127718598,-0.416291237,-0.063381368,OpenPalm
0,0,0,0.066204071,-0.047342896,-0.030114073,0.123291612,-0.126530051,-0.045575085,0.174454212,-0.192003667,-0.060050073,0.227533758,-0.222282171,-0.073601059,0.10234499,-0.281841278,-0.018758145,0.128137469,-0.385976642,-0.037530917,0.139875501,-0.448551297,-0.055298968,0.147221267,-0.50216198,-0.068729303,0.058716297,-0.298442662,-0.021858567,0.084107399,-0.413849741,-0.036711532,0.099408686,-0.483660281,-0.051894753,0.111289024,-0.539220989,-0.063622168,0.012126297,-0.29151988,-0.029787722,0.027921468,-0.402130753,-0.046294875,0.041109413,-0.466600657,-0.060825053,0.054635882,-0.515144765,-0.071375027,-0.040048301,-0.264724493,-0.041113219,-0.053406537,-0.351195812,-0.058235641,-0.062379122,-0.408888996,-0.067118115,-0.06768994,-0.461187184,-0.072748712,OpenPalm
0,0,0,0.06600228,-0.049300015,-0.028078738,0.121796876,-0.126028001,-0.043414569,0.171239942,-0.190179527,-0.058020188,0.222672492,-0.219938576,-0.07210642,0.098879188,-0.277796328,-0.020398916,0.127138138,-0.382101357,-0.039795077,0.1402179,-0.444167048,-0.05737974,0.148151577,-0.497061044,-0.07044614,0.054944515,-0.294003725,-0.024511185,0.080855191,-0.411500901,-0.039931397,0.095822424,-0.480900288,-0.055078904,0.106390864,-0.535473675,-0.066745288,0.008072942,-0.286313117,-0.032996523,0.022824973,-0.397307217,-0.049806937,0.035048604,-0.462404907,-0.064594648,0.04706198,-0.511188596,-0.075371443,-0.04410404,-0.258559227,-0.044523391,-0.059180498,-0.344576538,-0.061975564,-0.069036752,-0.40277037,-0.071120477,-0.075187877,-0.455025434,-0.076899386,OpenPalm
0,0,0,0.066552818,-0.04791677,-0.02854614,0.122832805,-0.125866354,-0.043503812,0.171466559,-0.191770494,-0.057524147,0.22119242,-0.22596246,-0.070793832,0.102570176,-0.278737366,-0.021024455,0.132128298,-0.384882271,-0.040435052,0.146689594,-0.447321862,-0.0576247,0.155359626,-0.499698937,-0.070201139,0.058063924,-0.295997739,-0.024700391,0.08390975,-0.414507806,-0.04016378,0.098245591,-0.484391272,-0.055129035,0.107388735,-0.538435161,-0.066431853,0.010695994,-0.28868407,-0.032767343,0.023740381,-0.400680542,-0.049945919,0.035121411,-0.465366602,-0.06479654,0.046210945,-0.513020188,-0.075397539,-0.041837275,-0.260447145,-0.043850674,-0.059320167,-0.347857118,-0.062154147,-0.070889056,-0.406414628,-0.071825343,-0.078380123,-0.458486378,-0.077688644,OpenPalm
0,0,0,0.066292226,-0.046737492,-0.028476889,0.1233024,-0.121984422,-0.043628468,0.172284991,-0.18568027,-0.057890149,0.220417321,-0.219297707,-0.071466839,0.102538705,-0.275978923,-0.022277151,0.133244693,-0.382101029,-0.041858973,0.14882201,-0.444541097,-0.058750453,0.158601135,-0.495906472,-0.071098877,0.057778686,-0.293142259,-0.026052066,0.083343834,-0.412585944,-0.041941112,0.097750902,-0.482310891,-0.057096677,0.107270151,-0.535153985,-0.068527928,0.010380954,-0.285588264,-0.034115741,0.023120403,-0.398073018,-0.052079952,0.034638345,-0.463313192,-0.067975833,0.046102256,-0.510351062,-0.079359813,-0.041633487,-0.257134914,-0.045074413,-0.061112672,-0.342805207,-0.064616314,-0.07493414,-0.40113014,-0.075468285,-0.084579319,-0.452775061,-0.082111417,OpenPalm
0,0,0,0.066052377,-0.04769206,-0.02849975,0.123749077,-0.124104083,-0.043646875,0.172806889,-0.189469039,-0.05790941,0.221977174,-0.224577785,-0.071337953,0.102308929,-0.279034019,-0.021307112,0.133743554,-0.384529918,-0.040733396,0.149810553,-0.447230637,-0.057641446,0.159687907,-0.499212831,-0.070114374,0.058411032,-0.296511441,-0.02524616,0.084632427,-0.415714324,-0.040952704,0.099440187,-0.485662848,-0.055905546,0.108827561,-0.539527595,-0.06719689,0.011345923,-0.288828611,-0.033556751,0.024468005,-0.401631534,-0.051550995,0.036353588,-0.46703434,-0.067095153,0.047865719,-0.514943272,-0.078222118,-0.040818974,-0.259809136,-0.044801723,-0.061362356,-0.345690489,-0.064414538,-0.075235009,-0.404554129,-0.075148299,-0.084967956,-0.457135737,-0.081684783,OpenPalm
0,0,0,0.066348612,-0.048561931,-0.028073916,0.124017984,-0.126526535,-0.042729536,0.173102766,-0.19155401,-0.0566501,0.221490175,-0.227151692,-0.069841514,0.102195591,-0.280441999,-0.020685362,0.133810192,-0.385770202,-0.040246105,0.150563776,-0.448339522,-0.057512483,0.161015391,-0.500577986,-0.070237326,0.057673842,-0.297890842,-0.024962416,0.083265007,-0.41714111,-0.040512094,0.097700089,-0.487063259,-0.055635868,0.106729746,-0.540811181,-0.067095505,0.010224462,-0.290140331,-0.033644917,0.02284345,-0.402003825,-0.051385516,0.034728199,-0.468009055,-0.067028957,0.046378613,-0.516843617,-0.078347365,-0.042395979,-0.260595262,-0.045291936,-0.064159214,-0.345353127,-0.064675974,-0.078971371,-0.403715521,-0.075202951,-0.089479104,-0.456176817,-0.081672633,OpenPalm
0,0,0,0.066290706,-0.04668498,-0.028686634,0.12383607,-0.12335813,-0.043692476,0.173056751,-0.188833833,-0.057770516,0.222674757,-0.222934246,-0.071083727,0.102873206,-0.27541256,-0.022119661,0.134973556,-0.381960034,-0.041544556,0.151798159,-0.445037156,-0.058118473,0.162284493,-0.497281432,-0.070256251,0.058271766,-0.292976856,-0.025882392,0.084529668,-0.412665009,-0.041333097,0.098700374,-0.482815623,-0.055893431,0.10751012,-0.536276072,-0.066905531,0.010929793,-0.285728693,-0.033995668,0.023893446,-0.39709112,-0.051662735,0.036020994,-0.462595046,-0.066949385,0.048029989,-0.510391563,-0.077987346,-0.041574284,-0.257166386,-0.045090417,-0.063293695,-0.341689765,-0.064412336,-0.077946231,-0.399817914,-0.07479621,-0.088118985,-0.45170632,-0.081142913,OpenPalm
0,0,0,0.066619217,-0.047291279,-0.028750546,0.124794751,-0.12337923,-0.044097031,0.174291283,-0.188296556,-0.058401669,0.223053455,-0.22308284,-0.071966076,0.102489889,-0.275293946,-0.023190556,0.134403139,-0.381173372,-0.043130422,0.151369035,-0.443974018,-0.059919203,0.162289351,-0.495989382,-0.072082253,0.057950288,-0.293213725,-0.026945235,0.083921313,-0.412896097,-0.042670308,0.098061621,-0.482989132,-0.05694137,0.107044846,-0.536671638,-0.067556189,0.010739446,-0.286264718,-0.035036897,0.022968918,-0.398411393,-0.052996269,0.035155088,-0.464108348,-0.068032073,0.04723689,-0.512155294,-0.078682894,-0.041626871,-0.257470548,-0.046095198,-0.064115003,-0.341907501,-0.065799328,-0.079099134,-0.400609881,-0.076268816,-0.08952558,-0.453269064,-0.082454542,OpenPalm
0,0,0,0.066196084,-0.048554301,-0.027643447,0.12406534,-0.125579178,-0.042570403,0.174109817,-0.189529359,-0.056627949,0.223258674,-0.222514749,-0.070065071,0.101997137,-0.275538802,-0.022873711,0.134611845,-0.381522238,-0.04282975,0.151681811,-0.444274932,-0.059722064,0.162528425,-0.496620953,-0.072033493,0.057718605,-0.29321146,-0.027210338,0.083782971,-0.413237602,-0.042993167,0.098196119,-0.483276427,-0.057530539,0.107221246,-0.536784232,-0.068450188,0.010644078,-0.286069334,-0.035712542,0.023167968,-0.397675157,-0.053381359,0.034945667,-0.463410467,-0.068536689,0.046591192,-0.511595905,-0.079446179,-0.041651711,-0.257212043,-0.04710632,-0.064248413,-0.341231614,-0.06635045,-0.079211727,-0.399590373,-0.076714163,-0.089367896,-0.451960176,-0.082983015,OpenPalm
0,0,0,0.065428615,-0.049189985,-0.026481399,0.122412205,-0.126679361,-0.041025108,0.171693712,-0.189741135,-0.054866867,0.221023232,-0.22048074,-0.068207135,0.099229634,-0.274174452,-0.022568848,0.13205272,-0.378676772,-0.042207444,0.149270117,-0.440459132,-0.058908099,0.159779906,-0.491536379,-0.071008472,0.054977775,-0.291417241,-0.027358033,0.081114322,-0.410911232,-0.042985627,0.095772564,-0.480437219,-0.057257982,0.104673743,-0.533573002,-0.067862561,0.007912338,-0.284019828,-0.036126224,0.020262569,-0.395822555,-0.053668985,0.032477677,-0.461124688,-0.068689382,0.044254839,-0.508835465,-0.07945594,-0.044052303,-0.254843056,-0.047624862,-0.066661805,-0.338867784,-0.066637723,-0.081963018,-0.396867931,-0.07663924,-0.092630967,-0.448567152,-0.082641987,OpenPalm
0,0,0,0.065475196,-0.048189223,-0.027039821,0.122854739,-0.125421524,-0.041877282,0.172253281,-0.189216495,-0.055902445,0.221225798,-0.220745623,-0.069463842,0.100248754,-0.274411559,-0.023698278,0.133829087,-0.37894097,-0.043744192,0.151703775,-0.441207945,-0.060618968,0.16284892,-0.492839098,-0.072851264,0.05590415,-0.291828871,-0.028382358,0.082195908,-0.411080837,-0.044232488,0.096559972,-0.480865389,-0.058520001,0.105313957,-0.534489542,-0.069163576,0.008861452,-0.284441054,-0.037065153,0.02111873,-0.396277964,-0.054865409,0.032952517,-0.461586833,-0.069813543,0.044496179,-0.50940302,-0.080518909,-0.043049306,-0.25491482,-0.048539885,-0.066514492,-0.339646637,-0.067954593,-0.082243398,-0.397887409,-0.07811077,-0.09304069,-0.449729085,-0.084164136,OpenPalm
0,0,0,0.065615416,-0.048176408,-0.026969661,0.122843325,-0.125039458,-0.041859171,0.172273487,-0.18838197,-0.056009217,0.22129643,-0.220030308,-0.069700132,0.100251645,-0.274036825,-0.023502224,0.133790106,-0.378411293,-0.043791055,0.151682734,-0.440264493,-0.060856867,0.163047165,-0.491528094,-0.073194104,0.05559656,-0.291548222,-0.028259699,0.081844062,-0.410896212,-0.044460162,0.096470654,-0.480545461,-0.059010896,0.105590105,-0.533938438,-0.069793309,0.008245826,-0.284200549,-0.037045206,0.020450324,-0.395816445,-0.055144551,0.032625616,-0.461173773,-0.070331613,0.044655353,-0.509147525,-0.081148463,-0.043847054,-0.254880846,-0.048600479,-0.06660603,-0.339184552,-0.068215209,-0.081931934,-0.397160828,-0.078525747,-0.092303663,-0.448993772,-0.084670025,OpenPalm
0,0,0,0.06564936,-0.048029661,-0.027064407,0.122686118,-0.124652386,-0.04211473,0.172148675,-0.18806392,-0.056380473,0.221217692,-0.220084846,-0.070140417,0.099782228,-0.273985684,-0.023736605,0.133176744,-0.378624171,-0.04398242,0.151018322,-0.440363109,-0.060930747,0.162284523,-0.491451383,-0.073148649,0.055212259,-0.291461527,-0.028409441,0.081479371,-0.411008686,-0.044475615,0.096010238,-0.480600476,-0.058827068,0.104967177,-0.53379333,-0.069469939,0.007983595,-0.284114659,-0.037111714,0.02024585,-0.395787537,-0.055102851,0.032449782,-0.461066425,-0.070136543,0.044416666,-0.508793145,-0.080849919,-0.043940574,-0.254726231,-0.048583384,-0.066762879,-0.339182019,-0.068090159,-0.082136706,-0.397163898,-0.078291688,-0.092664093,-0.448811054,-0.08435646,OpenPalm
0,0,0,0.065628052,-0.048239231,-0.026897384,0.122933656,-0.125349224,-0.041675158,0.173223257,-0.18816036,-0.055652976,0.222483754,-0.219421029,-0.069114909,0.100118011,-0.2739833,-0.023589505,0.133595198,-0.379118443,-0.04337211,0.151169509,-0.441147268,-0.060070537,0.162084103,-0.492629915,-0.072237588,0.055758625,-0.291351736,-0.028145721,0.081984043,-0.410484582,-0.043755211,0.09631604,-0.480040848,-0.058109768,0.104959249,-0.533125848,-0.068965569,0.008654714,-0.284191847,-0.036682904,0.021394253,-0.395239413,-0.054207772,0.033882678,-0.460202485,-0.069491565,0.045757741,-0.507584959,-0.08060278,-0.043303728,-0.255285084,-0.047978949,-0.065929532,-0.339074165,-0.067190461,-0.081528351,-0.396886289,-0.077636644,-0.092574656,-0.448584169,-0.084051922,OpenPalm
0,0,0,0.071035445,-0.04064858,-0.021195606,0.129454315,-0.10974133,-0.028750011,0.163358301,-0.179956198,-0.036544875,0.155004799,-0.240795135,-0.04436395,0.112824321,-0.246243119,-0.005187693,0.129677892,-0.350095153,-0.023150631,0.134822279,-0.410858124,-0.041341749,0.138065398,-0.465071648,-0.054259756,0.075195253,-0.262861013,-0.010393647,0.093108058,-0.378433943,-0.025411651,0.103047162,-0.45096761,-0.042394952,0.110303223,-0.510923386,-0.054921095,0.035213739,-0.259667605,-0.019871852,0.053018659,-0.368857026,-0.035149054,0.065552056,-0.436427772,-0.047099543,0.075983286,-0.492527425,-0.05509485,-0.009337306,-0.240274519,-0.032162544,0.002593786,-0.328071475,-0.04702459,0.012249351,-0.386124492,-0.052847759,0.021579862,-0.439469248,-0.055905533,OpenPalm
0,0,0,0.071599722,-0.042743862,-0.01834616,0.129003048,-0.113909841,-0.022635679,0.161307752,-0.185734928,-0.027563369,0.146781027,-0.244278282,-0.032887147,0.10756591,-0.243695855,4.47E-05,0.122696191,-0.342999279,-0.016351027,0.125982165,-0.401493132,-0.034257451,0.127432168,-0.454605132,-0.047354856,0.070747912,-0.259979308,-0.005437496,0.085725725,-0.369904876,-0.018866744,0.092939317,-0.43943125,-0.036028975,0.097535253,-0.49859944,-0.049193749,0.031276494,-0.256850392,-0.015046697,0.045856446,-0.36100474,-0.029466353,0.055029154,-0.424365997,-0.041381491,0.060981065,-0.478585958,-0.049668619,-0.013112903,-0.238045067,-0.027237279,-0.002367646,-0.322793663,-0.041399227,0.006208628,-0.377280891,-0.047060093,0.013073921,-0.427943647,-0.050334384,OpenPalm
0,0,0,0.071723282,-0.041122437,-0.01863222,0.130406022,-0.113443136,-0.022778478,0.163716674,-0.18746376,-0.027391149,0.14660567,-0.246615022,-0.032338363,0.108738959,-0.2432051,-0.000121461,0.123958617,-0.344053447,-0.015959971,0.126972973,-0.402923703,-0.033568688,0.12814796,-0.456488818,-0.046605941,0.07189858,-0.26008743,-0.005263142,0.086321026,-0.370979577,-0.018079698,0.093938649,-0.440699279,-0.034864631,0.098692477,-0.499899328,-0.047905133,0.03241986,-0.25766775,-0.014517805,0.046512932,-0.36274451,-0.028154577,0.057021201,-0.426712096,-0.039639037,0.064150661,-0.481352389,-0.047904205,-0.01151444,-0.239632845,-0.026448848,-0.001211703,-0.324665964,-0.040183448,0.007458866,-0.379503608,-0.045673799,0.014710948,-0.430530638,-0.048987739,OpenPalm
0,0,0,0.072477594,-0.041909158,-0.018227069,0.131107047,-0.114575088,-0.02195866,0.163019016,-0.188009918,-0.026277577,0.146804616,-0.246491641,-0.03091485,0.108705327,-0.243759722,0.000898194,0.123829857,-0.343753695,-0.014836488,0.126985744,-0.402586341,-0.032401012,0.128279701,-0.455915391,-0.045374302,0.071688607,-0.260323167,-0.004278175,0.086327329,-0.370355308,-0.017076466,0.093837187,-0.439957082,-0.033885693,0.098638549,-0.499204874,-0.04690084,0.032196596,-0.257685095,-0.013594522,0.046394005,-0.361909568,-0.027343388,0.056300297,-0.425442666,-0.03897742,0.062825814,-0.47987929,-0.047261828,-0.01190497,-0.239525199,-0.025548769,-0.001368806,-0.324071825,-0.039302943,0.007186547,-0.378659725,-0.044889485,0.014102086,-0.429567337,-0.048239099,OpenPalm
0,0,0,0.070846349,-0.040832877,-0.019423694,0.129796565,-0.113518953,-0.0243697,0.163141966,-0.187052906,-0.029593865,0.147629827,-0.246657044,-0.035064772,0.108787656,-0.24312976,-0.002661616,0.122620672,-0.344419837,-0.019410592,0.125192225,-0.403885275,-0.037248176,0.126218736,-0.457342684,-0.050295495,0.071104884,-0.259389758,-0.007687262,0.085130811,-0.371109039,-0.021374677,0.092793405,-0.441129982,-0.03818129,0.097967803,-0.500483245,-0.051081825,0.031117082,-0.256165594,-0.01679178,0.045086622,-0.361940682,-0.031091687,0.055486619,-0.42668283,-0.042696014,0.062900931,-0.482547015,-0.050979059,-0.013030201,-0.237491429,-0.028595252,-0.002474308,-0.32275492,-0.042763517,0.006005734,-0.377910137,-0.048505657,0.013032168,-0.429449856,-0.051963561,OpenPalm
0,0,0,0.071188673,-0.041483104,-0.018715968,0.129842594,-0.114205539,-0.023224195,0.162448838,-0.187896073,-0.028159959,0.14695181,-0.247234017,-0.033367505,0.108674899,-0.243710548,-0.001244576,0.122793689,-0.344837993,-0.017501546,0.125353113,-0.404027224,-0.035124624,0.126176819,-0.457203388,-0.048036938,0.071135417,-0.259628147,-0.006452195,0.085257456,-0.371264875,-0.019680183,0.092709228,-0.441120446,-0.036400908,0.097581282,-0.500278175,-0.049263602,0.031302854,-0.25619176,-0.015714947,0.045301691,-0.361752927,-0.029655484,0.055473253,-0.426374912,-0.041218156,0.062574998,-0.482035697,-0.049483565,-0.012877956,-0.237309039,-0.027616428,-0.002281547,-0.322659314,-0.041514864,0.006144717,-0.377768993,-0.047119876,0.01302807,-0.42925781,-0.050468577,OpenPalm
0,0,0,0.070483744,-0.040970802,-0.017930878,0.130118102,-0.11644119,-0.021640414,0.162417591,-0.19129914,-0.025730239,0.144254297,-0.247704446,-0.030122159,0.106138974,-0.245479286,-0.000611229,0.120674193,-0.346517861,-0.015955757,0.124113888,-0.404756069,-0.03268492,0.125636965,-0.456449568,-0.045029772,0.068824261,-0.260674894,-0.00594385,0.083111852,-0.37300837,-0.018951781,0.091426492,-0.442159563,-0.035025446,0.096826613,-0.499873161,-0.047244528,0.029325753,-0.256541491,-0.015221294,0.043720484,-0.363562584,-0.029208049,0.055425197,-0.427588224,-0.040484859,0.063890278,-0.481882691,-0.048414467,-0.014325038,-0.236957073,-0.027015028,-0.003852531,-0.323385537,-0.041074952,0.005016506,-0.379010081,-0.046680784,0.012736708,-0.430798352,-0.050025491,OpenPalm
0,0,0,0.070812285,-0.041836262,-0.017166002,0.128967434,-0.113952875,-0.021313409,0.161063403,-0.187122047,-0.026121859,0.143771499,-0.244081557,-0.031337021,0.107574493,-0.243765086,-0.000147668,0.121542126,-0.345015645,-0.015562744,0.124605805,-0.402888238,-0.032411078,0.125864327,-0.454583973,-0.044795161,0.070212901,-0.258802414,-0.006027432,0.084200352,-0.371666431,-0.018746376,0.091936201,-0.440456897,-0.034839904,0.096835613,-0.497851908,-0.04720396,0.030583829,-0.254621327,-0.015808462,0.044695944,-0.361636221,-0.029397087,0.055712551,-0.425797105,-0.040592062,0.06375134,-0.479942411,-0.048535226,-0.013409585,-0.234889984,-0.028044569,-0.003288776,-0.321956515,-0.041679072,0.005485386,-0.377619684,-0.046975376,0.013123035,-0.42905882,-0.050095355,OpenPalm
0,0,0,0.066788271,-0.038577974,-0.036071373,0.131565347,-0.117022038,-0.047109054,0.187603042,-0.190301239,-0.054949446,0.232526109,-0.239250749,-0.060668824,0.121494398,-0.255529046,-0.016693942,0.166904405,-0.356173307,-0.029165218,0.18955566,-0.415373653,-0.039788025,0.205007091,-0.464339346,-0.046726259,0.078506097,-0.279010415,-0.012219461,0.113266036,-0.388187885,-0.017450597,0.131413981,-0.455349982,-0.023879025,0.143782899,-0.50764516,-0.028468259,0.031146094,-0.279201418,-0.013543787,0.052909598,-0.37526691,-0.023178518,0.070552811,-0.435051918,-0.031546982,0.086307362,-0.480065569,-0.037241655,-0.02235733,-0.261798531,-0.01904829,-0.03803803,-0.337069035,-0.033199007,-0.049128875,-0.38963449,-0.039272515,-0.057418481,-0.437667072,-0.04138677,OpenPalm
0,0,0,0.068811774,-0.03882122,-0.033738273,0.131998062,-0.117776155,-0.044196515,0.185474038,-0.191559017,-0.051822829,0.229586184,-0.239053696,-0.057647149,0.119288206,-0.253579259,-0.01782539,0.163293719,-0.354984671,-0.030998104,0.185194671,-0.415436327,-0.041241358,0.199699938,-0.464420825,-0.047828204,0.07496962,-0.276502937,-0.01474085,0.107769191,-0.388103366,-0.021126746,0.124515265,-0.456203699,-0.026882331,0.135794461,-0.508801162,-0.030751495,0.026783884,-0.276395857,-0.017146163,0.046878427,-0.375183582,-0.027994142,0.063776314,-0.435691893,-0.036069675,0.07907021,-0.480883345,-0.041384275,-0.027002603,-0.258360445,-0.023413249,-0.043631077,-0.333924472,-0.038794036,-0.055795461,-0.385875165,-0.045135493,-0.064976543,-0.433449477,-0.047302025,OpenPalm
0,0,0,0.068422541,-0.03919071,-0.0338707,0.131757572,-0.117996097,-0.044520456,0.185336843,-0.19182384,-0.052289858,0.229621127,-0.239165843,-0.058241035,0.11898689,-0.253513664,-0.018128303,0.163108721,-0.35494864,-0.031368199,0.184897915,-0.415129304,-0.041707522,0.199475184,-0.464242339,-0.048371594,0.074739948,-0.276411891,-0.015014478,0.107154295,-0.388443589,-0.021374463,0.123807922,-0.45644325,-0.027153936,0.135125414,-0.508721203,-0.031084982,0.026588857,-0.276261687,-0.01737737,0.046580151,-0.374617875,-0.028029868,0.063507602,-0.435145438,-0.035955987,0.078858718,-0.480404362,-0.041259862,-0.027249441,-0.258198082,-0.02363345,-0.044057906,-0.333917528,-0.038737382,-0.056152627,-0.386129379,-0.044859848,-0.065289706,-0.434041232,-0.046938326,OpenPalm
0,0,0,0.06861183,-0.039688826,-0.033613925,0.13245371,-0.118829072,-0.044154019,0.185896665,-0.193118513,-0.051847701,0.230662853,-0.240513891,-0.057734025,0.119433999,-0.254229754,-0.017965513,0.163834333,-0.355499804,-0.031107287,0.185716063,-0.415545881,-0.041326762,0.200350404,-0.464588612,-0.047921852,0.075481236,-0.276928276,-0.01493471,0.108320951,-0.388476253,-0.021242016,0.125021398,-0.456450135,-0.026909015,0.136139244,-0.508869976,-0.030795251,0.027545527,-0.276757866,-0.017374313,0.047781467,-0.375561655,-0.028137262,0.064414024,-0.436054379,-0.036048227,0.079248816,-0.48101905,-0.041297083,-0.026317954,-0.258826852,-0.023665889,-0.043379426,-0.335195184,-0.038983938,-0.055622578,-0.387685835,-0.045291611,-0.065009445,-0.435802341,-0.047460628,OpenPalm
0,0,0,0.067669362,-0.040745854,-0.03357457,0.131415188,-0.120576918,-0.044304516,0.183983535,-0.195526242,-0.052076854,0.228697956,-0.242316395,-0.058007248,0.118045747,-0.257270128,-0.018700188,0.162504941,-0.358457536,-0.032441408,0.184401631,-0.418105781,-0.043207925,0.199157,-0.467045367,-0.050209873,0.074021846,-0.280083656,-0.015956557,0.10677141,-0.391860932,-0.02311405,0.123587638,-0.459762871,-0.029408772,0.134893626,-0.511739939,-0.03369334,0.025979638,-0.279536188,-0.018598754,0.045939654,-0.378413498,-0.029929619,0.062473595,-0.438809693,-0.03805304,0.077408105,-0.483771324,-0.04343357,-0.028303787,-0.260502011,-0.025053393,-0.045461059,-0.33776015,-0.04059124,-0.057376176,-0.390511543,-0.046825759,-0.066260234,-0.439042151,-0.048946265,OpenPalm
0,0,0,0.067247927,-0.04280436,-0.029901856,0.12807259,-0.118567169,-0.04202239,0.179663271,-0.189872921,-0.051659683,0.221678644,-0.235016763,-0.06055999,0.105729699,-0.254857898,-0.028428456,0.144577533,-0.353904575,-0.04349689,0.164221287,-0.414686769,-0.052421329,0.17635119,-0.462913454,-0.058772808,0.056770697,-0.276357234,-0.029984789,0.081260622,-0.392037928,-0.039806133,0.095140368,-0.461427152,-0.04454348,0.103505164,-0.517127991,-0.047374668,0.00534603,-0.269122541,-0.036094652,0.008367896,-0.373273373,-0.054706888,0.017205849,-0.443951756,-0.068885321,0.026013106,-0.497259229,-0.078012848,-0.048145756,-0.238607764,-0.044648955,-0.095732003,-0.30804351,-0.0717835,-0.13347204,-0.35272029,-0.085917624,-0.163969472,-0.39405635,-0.092780286,OpenPalm
0,0,0,0.067767411,-0.043064237,-0.03069994,0.12856859,-0.118605077,-0.043071723,0.180931538,-0.189826608,-0.053076191,0.223773211,-0.23563242,-0.062339736,0.105805129,-0.254885435,-0.026932158,0.14457795,-0.353696704,-0.041952027,0.16439876,-0.4143641,-0.051028701,0.176637977,-0.462574095,-0.057417834,0.05743885,-0.276359677,-0.028138118,0.081388682,-0.391902626,-0.037635932,0.095374942,-0.461506546,-0.042404832,0.103801608,-0.517468005,-0.04514887,0.006447852,-0.269206047,-0.034162177,0.009243861,-0.373067617,-0.052740986,0.017916426,-0.443776906,-0.066766201,0.026486412,-0.496706545,-0.07555197,-0.046815485,-0.239004791,-0.042773118,-0.094237059,-0.308239669,-0.070105514,-0.132033616,-0.353007972,-0.084232619,-0.162970945,-0.393946975,-0.090862034,OpenPalm
0,0,0,0.067826286,-0.042547524,-0.030514924,0.128600135,-0.118324816,-0.042549303,0.180733636,-0.189567387,-0.052174351,0.22292687,-0.235457897,-0.061022984,0.105948344,-0.255140483,-0.027096922,0.144947246,-0.35384506,-0.042126826,0.16448085,-0.414652467,-0.051198567,0.1765358,-0.463093877,-0.057587268,0.057463184,-0.276646137,-0.028282917,0.081545547,-0.391829342,-0.037779133,0.095671937,-0.461463749,-0.042459475,0.104225263,-0.517096788,-0.045136223,0.006425858,-0.26933828,-0.034251592,0.009499058,-0.37276721,-0.052756148,0.018390715,-0.443300784,-0.066617134,0.026962191,-0.495867282,-0.075279238,-0.046823069,-0.238987327,-0.042800332,-0.094221562,-0.307929426,-0.070149447,-0.131825507,-0.352951616,-0.084316316,-0.162579626,-0.394225836,-0.090932394,OpenPalm
0,0,0,0.067472115,-0.043065429,-0.029202271,0.127439156,-0.119429946,-0.040804104,0.179267302,-0.19068557,-0.050145382,0.221344307,-0.235602677,-0.058773728,0.104707435,-0.255241036,-0.027006242,0.14369683,-0.354219496,-0.041490217,0.163132444,-0.414871752,-0.050111299,0.174944118,-0.463338286,-0.056299658,0.056370243,-0.276830733,-0.028704365,0.080377683,-0.392369509,-0.038093535,0.094335601,-0.462191939,-0.042698865,0.102596506,-0.517677009,-0.045453352,0.005529925,-0.269786328,-0.03492272,0.008612335,-0.37365526,-0.052887307,0.017181262,-0.44414869,-0.066799963,0.025471002,-0.496265084,-0.075782427,-0.047504872,-0.239511788,-0.04358753,-0.094722316,-0.308329463,-0.069933707,-0.132296562,-0.352763265,-0.083799341,-0.162846878,-0.392874658,-0.090533407,OpenPalm
0,0,0,0.067318007,-0.044244111,-0.029482488,0.127156869,-0.120987892,-0.041470904,0.179146096,-0.19233954,-0.051255275,0.221396312,-0.237546623,-0.060341392,0.103936926,-0.255985618,-0.027110203,0.142631039,-0.355062693,-0.041840636,0.162136927,-0.415938556,-0.05062528,0.174059197,-0.464305609,-0.056855821,0.055741504,-0.277316451,-0.028918803,0.079661384,-0.393387526,-0.038335693,0.093599394,-0.463493019,-0.042881933,0.101905331,-0.519123614,-0.045566325,0.004969373,-0.270226806,-0.035344206,0.008139804,-0.374816239,-0.053525586,0.016728833,-0.445444822,-0.067407296,0.025201634,-0.497454584,-0.076283657,-0.048204839,-0.240052819,-0.044243295,-0.095435008,-0.309631556,-0.070777908,-0.13318719,-0.354013979,-0.084587314,-0.163828447,-0.393950999,-0.091242262,OpenPalm
0,0,0,0.066410482,-0.044524431,-0.029936968,0.125814378,-0.12234,-0.042275085,0.17803362,-0.192264259,-0.052207074,0.220105022,-0.238023758,-0.061435911,0.101947039,-0.256444693,-0.028323394,0.140624136,-0.355430245,-0.04341793,0.160242528,-0.416199684,-0.052465702,0.172202736,-0.464514434,-0.058868266,0.053818583,-0.27766937,-0.030065182,0.077930361,-0.394146144,-0.039717833,0.092111319,-0.463954747,-0.044409196,0.100632519,-0.519203901,-0.047292191,0.002960354,-0.270321369,-0.036421849,0.006563812,-0.375436336,-0.05488127,0.015296414,-0.44612509,-0.068981613,0.023946509,-0.498433918,-0.078070584,-0.05030781,-0.239786148,-0.045236821,-0.097949624,-0.309918106,-0.072029176,-0.135652259,-0.354458958,-0.085983495,-0.166200414,-0.394793838,-0.092822234,OpenPalm
